timestamp,real_irradiance,pred,sensor_name
2025-10-07 07:00:00,0.0,0.0021214042942340142,P0
2025-10-07 07:00:00,0.0,0.00853785648723054,P1
2025-10-07 07:00:00,0.0,0.0026317893029604044,Pinc
2025-10-07 07:00:00,0.0,0.0022823224678532356,P4
2025-10-07 07:02:00,0.0,6.578145554620286e-05,P1
2025-10-07 07:02:00,0.0,4.3527846625361147e-07,Pinc
2025-10-07 07:02:00,0.0,1.434906602111131e-07,P4
2025-10-07 07:02:00,0.0,8.146139904061855e-08,P0
2025-10-07 07:04:00,0.0,1.679425892763734e-08,P4
2025-10-07 07:04:00,0.0,4.813595806100965e-09,P0
2025-10-07 07:04:00,0.0,6.37783668843806e-08,Pinc
2025-10-07 07:04:00,0.0,8.302990603445292e-07,P1
2025-10-07 07:06:00,0.0,2.097504819497466e-09,P4
2025-10-07 07:06:00,0.0,2.3748020668208604e-09,P0
2025-10-07 07:06:00,0.0,5.261537513315677e-09,P1
2025-10-07 07:06:00,0.0,2.2219330715015535e-08,Pinc
2025-10-07 07:08:00,0.0,3.4754588331198694e-08,P0
2025-10-07 07:08:00,0.0,3.789729046753049e-09,P1
2025-10-07 07:08:00,0.0,9.38544529402256e-10,P4
2025-10-07 07:08:00,0.0,8.610435038682819e-09,Pinc
2025-10-07 07:10:00,0.0,3.3062364103943107e-09,P4
2025-10-07 07:10:00,0.0,3.940464986323714e-08,Pinc
2025-10-07 07:10:00,0.0,1.877089058804512e-08,P1
2025-10-07 07:10:00,0.0,2.45137876819709e-07,P0
2025-10-07 07:12:00,0.0,3.279286458401263e-07,Pinc
2025-10-07 07:12:00,0.0,4.0473235403671875e-08,P4
2025-10-07 07:12:00,0.0,1.7647037592077852e-07,P1
2025-10-07 07:12:00,0.0,1.2043915813232751e-06,P0
2025-10-07 07:14:00,0.0,1.1107375541144372e-06,Pinc
2025-10-07 07:14:00,0.0,8.050782796532214e-07,P1
2025-10-07 07:14:00,0.0,3.479783125548756e-06,P0
2025-10-07 07:14:00,0.0,1.7463724331258834e-07,P4
2025-10-07 07:16:00,0.0,1.5101929665701153e-06,Pinc
2025-10-07 07:16:00,0.0,2.624770513658792e-07,P4
2025-10-07 07:16:00,0.0,8.530417020655632e-07,P1
2025-10-07 07:16:00,0.0,4.587897867992002e-06,P0
2025-10-07 07:18:00,0.0,3.4343700084390787e-06,P1
2025-10-07 07:18:00,0.0,3.466886186364627e-06,Pinc
2025-10-07 07:18:00,0.0,6.722367381171854e-07,P4
2025-10-07 07:18:00,0.0,9.985660811983377e-06,P0
2025-10-07 07:20:00,0.0,2.3030599039597747e-06,P4
2025-10-07 07:20:00,0.0,9.288352340869117e-06,P1
2025-10-07 07:20:00,0.0,2.621269078525665e-05,P0
2025-10-07 07:20:00,0.0,9.791498006862904e-06,Pinc
2025-10-07 07:22:00,0.0,5.164049733733692e-05,P0
2025-10-07 07:22:00,0.0,2.4214492598808575e-05,P1
2025-10-07 07:22:00,0.0,2.1708483034561733e-05,Pinc
2025-10-07 07:22:00,0.0,6.657196061490798e-06,P4
2025-10-07 07:24:00,0.0,2.680815885679035e-05,P4
2025-10-07 07:24:00,0.0,6.634186179385378e-05,Pinc
2025-10-07 07:24:00,0.0,6.90895258854995e-05,P1
2025-10-07 07:24:00,0.0,0.00012959950615119552,P0
2025-10-07 07:26:00,0.0,0.00012888825800105958,P1
2025-10-07 07:26:00,0.0,0.00022891443451411556,P0
2025-10-07 07:26:00,0.0,0.00013223630823529887,Pinc
2025-10-07 07:26:00,0.0,6.069434924224148e-05,P4
2025-10-07 07:28:00,0.0,0.00025153163975015177,Pinc
2025-10-07 07:28:00,0.0,0.0003903528284483741,P0
2025-10-07 07:28:00,0.0,0.00012656154675298148,P4
2025-10-07 07:28:00,0.0,0.00020932417290137772,P1
2025-10-07 07:30:00,0.0,0.0006503668496363881,P0
2025-10-07 07:30:00,0.0,0.0002496344732979463,P4
2025-10-07 07:30:00,0.0,0.00046054233550643333,Pinc
2025-10-07 07:30:00,0.0,0.00037066619494437885,P1
2025-10-07 07:32:00,0.0,0.0006183012669478016,Pinc
2025-10-07 07:32:00,0.0,0.00034550863581015513,P4
2025-10-07 07:32:00,0.0,0.000491428150416185,P1
2025-10-07 07:32:00,0.0,0.0008339796287402406,P0
2025-10-07 07:34:00,0.0,0.0010731354195734914,P0
2025-10-07 07:34:00,0.0,0.000863404124838497,Pinc
2025-10-07 07:34:00,0.0,0.0005116174178785455,P4
2025-10-07 07:34:00,0.0,0.000671933940751673,P1
2025-10-07 07:36:00,0.0,0.0011353469000512702,P4
2025-10-07 07:36:00,0.0,0.0016972950086368446,Pinc
2025-10-07 07:36:00,0.0,0.0013408224044814088,P1
2025-10-07 07:36:00,0.0,0.0019633074776561573,P0
2025-10-07 07:38:00,0.0,0.002160721605297168,P4
2025-10-07 07:38:00,0.0,0.003354358668078404,P0
2025-10-07 07:38:00,0.0,0.0024383315138866127,P1
2025-10-07 07:38:00,0.0,0.003012061029511436,Pinc
2025-10-07 07:40:00,0.0,0.006181543871009273,Pinc
2025-10-07 07:40:00,0.0,0.004991882738289773,P1
2025-10-07 07:40:00,0.0,0.006571104734184449,P0
2025-10-07 07:40:00,0.0,0.004613001698666609,P4
2025-10-07 07:42:00,0.0,0.007725010702843928,P1
2025-10-07 07:42:00,0.0,0.007261307838855201,P4
2025-10-07 07:42:00,0.0,0.009561421863633573,Pinc
2025-10-07 07:42:00,0.0,0.009875336414323286,P0
2025-10-07 07:44:00,0.0,0.017417616313593197,P0
2025-10-07 07:44:00,0.0,0.013969441747614568,P1
2025-10-07 07:44:00,0.0,0.01713617793915798,Pinc
2025-10-07 07:44:00,0.0,0.01330350745916695,P4
2025-10-07 07:46:00,0.0,0.02094478651469549,P4
2025-10-07 07:46:00,0.0,0.026397705456878404,P0
2025-10-07 07:46:00,0.0,0.02176562431962748,P1
2025-10-07 07:46:00,0.0,0.026247587994168774,Pinc
2025-10-07 07:48:00,0.0,0.029577214057847766,P4
2025-10-07 07:48:00,0.0,0.03648972363049509,Pinc
2025-10-07 07:48:00,0.0,0.03662834565809524,P0
2025-10-07 07:48:00,0.0,0.030586938669527164,P1
2025-10-07 07:50:00,0.0,0.04661728416862038,P4
2025-10-07 07:50:00,0.0,0.047830555559499714,P1
2025-10-07 07:50:00,0.0,0.055911137482838914,P0
2025-10-07 07:50:00,0.0,0.05563361305813143,Pinc
2025-10-07 07:52:00,0.0,0.06419340932908031,P1
2025-10-07 07:52:00,0.0,0.07293735897708441,P0
2025-10-07 07:52:00,0.0,0.0719186828457273,Pinc
2025-10-07 07:52:00,0.0,0.06327859600506712,P4
2025-10-07 07:54:00,0.0,0.09153054427069945,P1
2025-10-07 07:54:00,0.0,0.10185896551062251,P0
2025-10-07 07:54:00,0.0,0.09877606821702575,Pinc
2025-10-07 07:54:00,0.0,0.0909041784658663,P4
2025-10-07 07:56:00,0.0,0.21261714247134808,P0
2025-10-07 07:56:00,0.0,0.1933695757645696,P4
2025-10-07 07:56:00,0.0,0.20178026278863426,Pinc
2025-10-07 07:56:00,0.0,0.19375680072016488,P1
2025-10-07 07:58:00,0.0,0.013066340248773177,P4
2025-10-07 07:58:00,0.0,0.013050561748676146,P1
2025-10-07 07:58:00,0.0,0.01324330289327225,Pinc
2025-10-07 07:58:00,0.0,0.014188772049748463,P0
2025-10-07 08:00:00,0.0,0.0,P4
2025-10-07 08:00:00,0.0,0.0,P0
2025-10-07 08:00:00,0.0,0.0,Pinc
2025-10-07 08:00:00,0.0,0.0,P1
2025-10-07 08:02:00,0.0,0.02363678886332157,P0
2025-10-07 08:02:00,0.0,0.021608903707902128,Pinc
2025-10-07 08:02:00,0.0,0.02198505152010164,P1
2025-10-07 08:02:00,0.0,0.022046248845632273,P4
2025-10-07 08:04:00,0.0,0.6385711287108838,Pinc
2025-10-07 08:04:00,0.0,0.6598824474388726,P1
2025-10-07 08:04:00,0.0,0.7077878485754574,P0
2025-10-07 08:04:00,0.0,0.664159175342598,P4
2025-10-07 08:06:00,0.0,0.623207442327659,Pinc
2025-10-07 08:06:00,0.0,0.6997419550206365,P0
2025-10-07 08:06:00,0.0,0.6596307258037015,P4
2025-10-07 08:06:00,0.0,0.6540837681615667,P1
2025-10-07 08:08:00,0.0,1.1070962476916852,P4
2025-10-07 08:08:00,0.0,1.031087728799542,Pinc
2025-10-07 08:08:00,0.0,1.095619752969823,P1
2025-10-07 08:08:00,0.0,1.1704205072437825,P0
2025-10-07 08:10:00,0.0,1.9154386688842062,Pinc
2025-10-07 08:10:00,0.0,2.0817390760326635,P4
2025-10-07 08:10:00,0.0,2.0561536469018256,P1
2025-10-07 08:10:00,0.0,2.195824489971026,P0
2025-10-07 08:12:00,0.0,2.8065970037609347,P0
2025-10-07 08:12:00,0.0208333333333333,2.432137053460964,Pinc
2025-10-07 08:12:00,0.0,2.664439722116259,P4
2025-10-07 08:12:00,0.0,2.6271867575204264,P1
2025-10-07 08:14:00,0.4458333333333333,3.098423393326376,Pinc
2025-10-07 08:14:00,0.0,3.3624059671009117,P1
2025-10-07 08:14:00,0.0,3.414979854577055,P4
2025-10-07 08:14:00,0.0666666666666666,3.594538302018547,P0
2025-10-07 08:16:00,0.0,4.853531147322366,P4
2025-10-07 08:16:00,1.0583333333333331,5.120818846540761,P0
2025-10-07 08:16:00,0.6208333333333333,4.775006209893585,P1
2025-10-07 08:16:00,1.2916666666666667,4.396755086290364,Pinc
2025-10-07 08:18:00,0.3083333333333333,6.218767545114839,P4
2025-10-07 08:18:00,2.316666666666667,5.658300116820846,Pinc
2025-10-07 08:18:00,2.033333333333333,6.58146730707562,P0
2025-10-07 08:18:00,1.2416666666666667,6.11854404253112,P1
2025-10-07 08:20:00,1.7666666666666666,7.013498758374733,P1
2025-10-07 08:20:00,1.075,7.130873240817188,P4
2025-10-07 08:20:00,3.341666666666667,6.493820726830055,Pinc
2025-10-07 08:20:00,2.958333333333333,7.554136735916152,P0
2025-10-07 08:22:00,2.058333333333333,8.08570669283681,P4
2025-10-07 08:22:00,4.079166666666667,8.759747008998312,P0
2025-10-07 08:22:00,2.6875,8.770757646902986,P1
2025-10-07 08:22:00,4.625,12.17109039544827,Pinc
2025-10-07 08:24:00,3.2458333333333336,9.65650637674575,P4
2025-10-07 08:24:00,4.383333333333334,9.831449178742037,P1
2025-10-07 08:24:00,5.2125,11.158458924860515,P0
2025-10-07 08:24:00,6.591666666666666,48.26541703212644,Pinc
2025-10-07 08:26:00,7.279166666666666,13.725955157053908,P0
2025-10-07 08:26:00,7.833333333333333,12.986940969358882,P1
2025-10-07 08:26:00,6.191666666666666,11.75795919794961,P4
2025-10-07 08:26:00,10.670833333333334,50.7549996455184,Pinc
2025-10-07 08:28:00,9.770833333333334,14.383356760424723,P0
2025-10-07 08:28:00,12.241666666666667,13.641712525802557,P1
2025-10-07 08:28:00,27.375,112.9128952629951,Pinc
2025-10-07 08:28:00,10.695833333333333,13.248765992455592,P4
2025-10-07 08:30:00,14.979166666666666,15.750730269167242,P4
2025-10-07 08:30:00,12.325,16.372768181276953,P0
2025-10-07 08:30:00,15.0,15.559648817724074,P1
2025-10-07 08:30:00,48.39166666666667,119.20871411064333,Pinc
2025-10-07 08:32:00,18.904166666666665,18.068015518288963,P4
2025-10-07 08:32:00,17.854166666666668,17.848106612834904,P1
2025-10-07 08:32:00,14.229166666666666,18.766201093975965,P0
2025-10-07 08:32:00,61.46666666666667,129.9747553907878,Pinc
2025-10-07 08:34:00,71.8625,147.8762197190033,Pinc
2025-10-07 08:34:00,14.995833333333332,23.444919337626015,P0
2025-10-07 08:34:00,22.933333333333334,22.60492769653183,P4
2025-10-07 08:34:00,21.425,22.331944745125934,P1
2025-10-07 08:36:00,26.58333333333333,24.978318400285083,P4
2025-10-07 08:36:00,14.704166666666666,20.761842445544154,P0
2025-10-07 08:36:00,81.33749999999999,155.5030780044115,Pinc
2025-10-07 08:36:00,25.695833333333336,24.67713733976627,P1
2025-10-07 08:38:00,92.32083333333333,153.53429642147816,Pinc
2025-10-07 08:38:00,30.70833333333333,29.749001219164725,P4
2025-10-07 08:38:00,17.849999999999998,20.702500180996818,P0
2025-10-07 08:38:00,30.6875,29.406079001982903,P1
2025-10-07 08:40:00,103.40416666666664,144.32719908455346,Pinc
2025-10-07 08:40:00,23.575,17.50524025293495,P0
2025-10-07 08:40:00,35.65416666666667,27.64358877839513,P1
2025-10-07 08:40:00,35.22083333333333,27.981155720136755,P4
2025-10-07 08:42:00,114.05416666666667,183.0698926172259,Pinc
2025-10-07 08:42:00,29.95833333333333,26.98597135402591,P0
2025-10-07 08:42:00,39.275,40.33958835018225,P4
2025-10-07 08:42:00,40.425,39.8506770008174,P1
2025-10-07 08:44:00,125.03333333333336,188.92256324030984,Pinc
2025-10-07 08:44:00,45.4875,42.46892087114243,P1
2025-10-07 08:44:00,36.36666666666667,35.27151616399372,P0
2025-10-07 08:44:00,41.520833333333336,42.99011626626787,P4
2025-10-07 08:46:00,43.35833333333333,45.57555706359877,P4
2025-10-07 08:46:00,50.3375,45.02011893980019,P1
2025-10-07 08:46:00,135.8375,197.0107889809892,Pinc
2025-10-07 08:46:00,43.6375,46.956186158130606,P0
2025-10-07 08:48:00,50.5375,56.40669620796297,P4
2025-10-07 08:48:00,54.7625,55.71519127402846,P1
2025-10-07 08:48:00,145.77083333333334,227.41134624959054,Pinc
2025-10-07 08:48:00,50.875,56.75322772469612,P0
2025-10-07 08:50:00,154.15833333333333,231.24148306357708,Pinc
2025-10-07 08:50:00,54.4375,57.35746976755938,P4
2025-10-07 08:50:00,58.525,56.654258294745034,P1
2025-10-07 08:50:00,57.42916666666667,58.97041739878904,P0
2025-10-07 08:52:00,50.86666666666667,62.202681611169055,P0
2025-10-07 08:52:00,122.925,241.08124642471412,Pinc
2025-10-07 08:52:00,49.25416666666666,59.8028959533466,P1
2025-10-07 08:52:00,47.15833333333333,60.54963209887147,P4
2025-10-07 08:54:00,53.77916666666667,65.70621601567039,P0
2025-10-07 08:54:00,48.89166666666667,64.00909807005746,P4
2025-10-07 08:54:00,51.54166666666666,63.219523162645125,P1
2025-10-07 08:54:00,120.95833333333331,250.0301380549424,Pinc
2025-10-07 08:56:00,77.57083333333334,70.04253368377788,P0
2025-10-07 08:56:00,70.70833333333333,67.63428231559337,P4
2025-10-07 08:56:00,75.15416666666667,66.79661511270906,P1
2025-10-07 08:56:00,187.01666666666665,262.2767693862063,Pinc
2025-10-07 08:58:00,77.52499999999999,70.89563843856352,P1
2025-10-07 08:58:00,191.425,270.6324238872252,Pinc
2025-10-07 08:58:00,81.04583333333333,74.89247487859423,P0
2025-10-07 08:58:00,73.27916666666667,71.78522491030826,P4
2025-10-07 09:00:00,136.73333333333332,279.7554685900641,Pinc
2025-10-07 09:00:00,62.73333333333333,79.34918909936935,P0
2025-10-07 09:00:00,56.9375,76.6520977013004,P4
2025-10-07 09:00:00,58.9625,75.70128367174439,P1
2025-10-07 09:02:00,81.66250000000001,81.16131683192978,P0
2025-10-07 09:02:00,73.575,79.25176143750483,P4
2025-10-07 09:02:00,179.35833333333332,284.0333736327061,Pinc
2025-10-07 09:02:00,77.84166666666667,77.45372681476849,P1
2025-10-07 09:04:00,100.73333333333332,87.02090391911155,P0
2025-10-07 09:04:00,228.22916666666663,294.8003586824831,Pinc
2025-10-07 09:04:00,91.34166666666664,85.02776657441237,P4
2025-10-07 09:04:00,96.475,83.97118860288094,P1
2025-10-07 09:06:00,101.64166666666668,95.5739755334023,P0
2025-10-07 09:06:00,95.60416666666669,90.62207616798433,P1
2025-10-07 09:06:00,91.1,91.75810694713304,P4
2025-10-07 09:06:00,223.7,303.83007898769915,Pinc
2025-10-07 09:08:00,104.45416666666668,99.74524300606603,P0
2025-10-07 09:08:00,227.5583333333333,313.4378693817325,Pinc
2025-10-07 09:08:00,99.05,96.17974132336603,P1
2025-10-07 09:08:00,94.34583333333336,97.38706899444276,P4
2025-10-07 09:10:00,105.20833333333331,101.56076943431388,P4
2025-10-07 09:10:00,253.10833333333332,322.1544648726534,Pinc
2025-10-07 09:10:00,111.06666666666666,100.30269699190445,P1
2025-10-07 09:10:00,116.6,103.88326138075108,P0
2025-10-07 09:12:00,116.5,104.39151910807135,P1
2025-10-07 09:12:00,262.87916666666666,330.8310775587244,Pinc
2025-10-07 09:12:00,122.35,111.16847414428437,P0
2025-10-07 09:12:00,110.23333333333332,105.69967890538753,P4
2025-10-07 09:14:00,128.34583333333333,117.14846735848086,P0
2025-10-07 09:14:00,272.5416666666667,339.56206211435415,Pinc
2025-10-07 09:14:00,115.20416666666668,114.79789939959635,P4
2025-10-07 09:14:00,121.8,111.66248301214264,P1
2025-10-07 09:16:00,120.57916666666668,123.4257286183361,P4
2025-10-07 09:16:00,127.55,121.90081372144957,P1
2025-10-07 09:16:00,134.52916666666667,128.37284008586315,P0
2025-10-07 09:16:00,282.52500000000003,352.7031648824925,Pinc
2025-10-07 09:18:00,292.08750000000003,361.4864967648501,Pinc
2025-10-07 09:18:00,126.00833333333333,130.3353813092508,P4
2025-10-07 09:18:00,140.97083333333333,134.11573648873627,P0
2025-10-07 09:18:00,133.42499999999998,128.72601523221826,P1
2025-10-07 09:20:00,300.5833333333333,370.4866491857107,Pinc
2025-10-07 09:20:00,139.1,134.41983260499046,P1
2025-10-07 09:20:00,131.28333333333333,136.69671705258395,P4
2025-10-07 09:20:00,146.42916666666667,139.2402233009751,P0
2025-10-07 09:22:00,145.19583333333333,139.5112769368319,P1
2025-10-07 09:22:00,137.11666666666667,142.83340039608936,P4
2025-10-07 09:22:00,152.2875,145.42025368754304,P0
2025-10-07 09:22:00,310.65000000000003,379.3327343516467,Pinc
2025-10-07 09:24:00,320.0375,388.14446939496355,Pinc
2025-10-07 09:24:00,151.36666666666667,146.07080691297523,P1
2025-10-07 09:24:00,142.56666666666666,147.87953416445535,P4
2025-10-07 09:24:00,158.22916666666666,152.25016369792993,P0
2025-10-07 09:26:00,148.48333333333332,154.28970412816702,P4
2025-10-07 09:26:00,157.64583333333334,152.41577590259584,P1
2025-10-07 09:26:00,329.2625,396.58703714499404,Pinc
2025-10-07 09:26:00,164.32083333333333,158.19578541311833,P0
2025-10-07 09:28:00,163.60416666666666,158.34715764813322,P1
2025-10-07 09:28:00,154.14166666666668,160.28822021277588,P4
2025-10-07 09:28:00,338.45,405.4885197901113,Pinc
2025-10-07 09:28:00,169.92083333333332,163.1631880186783,P0
2025-10-07 09:30:00,348.49583333333334,414.58603159414804,Pinc
2025-10-07 09:30:00,176.05416666666667,168.08881641888348,P0
2025-10-07 09:30:00,160.35,165.29023543752822,P4
2025-10-07 09:30:00,170.17499999999998,163.2989278822626,P1
2025-10-07 09:32:00,166.05833333333334,167.8407507842202,P4
2025-10-07 09:32:00,181.91666666666663,171.53002923327827,P0
2025-10-07 09:32:00,176.92916666666667,165.82504506063606,P1
2025-10-07 09:32:00,357.95416666666665,419.07590324092655,Pinc
2025-10-07 09:34:00,171.61666666666667,173.668788538727,P4
2025-10-07 09:34:00,187.94583333333333,176.01219651601357,P0
2025-10-07 09:34:00,183.7541666666667,171.59275741461505,P1
2025-10-07 09:34:00,367.0958333333333,425.1082475892708,Pinc
2025-10-07 09:36:00,374.225,429.6220963642672,Pinc
2025-10-07 09:36:00,189.76666666666665,176.0846487945808,P1
2025-10-07 09:36:00,176.85416666666666,178.2069317796876,P4
2025-10-07 09:36:00,193.225,180.9015702481815,P0
2025-10-07 09:38:00,382.4083333333333,437.86071441744974,Pinc
2025-10-07 09:38:00,182.67083333333332,183.76376250402092,P4
2025-10-07 09:38:00,195.46666666666667,180.95454209288908,P1
2025-10-07 09:38:00,198.60833333333332,186.48245294403856,P0
2025-10-07 09:40:00,391.1208333333333,446.18920200614167,Pinc
2025-10-07 09:40:00,201.925,186.49802837769786,P1
2025-10-07 09:40:00,205.0125,191.36882675944307,P0
2025-10-07 09:40:00,188.63333333333333,188.65353969181615,P4
2025-10-07 09:42:00,208.24166666666667,191.32703026455115,P1
2025-10-07 09:42:00,399.4916666666666,453.5508262448991,Pinc
2025-10-07 09:42:00,194.15833333333333,195.86479371315718,P4
2025-10-07 09:42:00,210.94583333333333,198.80726335412203,P0
2025-10-07 09:44:00,217.38333333333333,203.92848535919603,P0
2025-10-07 09:44:00,408.89166666666665,461.69895817080476,Pinc
2025-10-07 09:44:00,199.9333333333333,201.1239448587584,P4
2025-10-07 09:44:00,215.24166666666667,198.77835413891094,P1
2025-10-07 09:46:00,418.075,470.78714963562345,Pinc
2025-10-07 09:46:00,223.5041666666667,209.80362930724323,P0
2025-10-07 09:46:00,221.9875,203.8490569842598,P1
2025-10-07 09:46:00,205.9625,206.24227925945354,P4
2025-10-07 09:48:00,212.225,214.60226155743266,P4
2025-10-07 09:48:00,230.26666666666665,217.34408497402688,P0
2025-10-07 09:48:00,427.8333333333333,484.1729596784321,Pinc
2025-10-07 09:48:00,228.90416666666667,212.2131291535637,P1
2025-10-07 09:50:00,217.82916666666665,219.67075543926083,P4
2025-10-07 09:50:00,234.79166666666663,217.22441827780375,P1
2025-10-07 09:50:00,236.45833333333331,222.47561685346088,P0
2025-10-07 09:50:00,436.23333333333335,493.0563890464516,Pinc
2025-10-07 09:52:00,444.2458333333333,501.8307990617341,Pinc
2025-10-07 09:52:00,242.275,227.2737985226923,P0
2025-10-07 09:52:00,224.2375,224.92069107615038,P4
2025-10-07 09:52:00,241.0875,222.3611394641876,P1
2025-10-07 09:54:00,248.29166666666663,232.3973429338693,P0
2025-10-07 09:54:00,229.575,229.7162944655049,P4
2025-10-07 09:54:00,247.46666666666667,227.1195104547527,P1
2025-10-07 09:54:00,451.0333333333333,510.4244984352588,Pinc
2025-10-07 09:56:00,458.05,518.9020557940108,Pinc
2025-10-07 09:56:00,253.475,232.22071550988093,P1
2025-10-07 09:56:00,254.39166666666665,239.4515592691186,P0
2025-10-07 09:56:00,234.26666666666665,234.86173321576376,P4
2025-10-07 09:58:00,260.33750000000003,239.28151659772163,P1
2025-10-07 09:58:00,240.6916666666667,241.9834306328445,P4
2025-10-07 09:58:00,260.3625,245.3197400586738,P0
2025-10-07 09:58:00,467.5583333333333,527.5898874628051,Pinc
2025-10-07 10:00:00,246.325,248.1054875506847,P4
2025-10-07 10:00:00,266.1875,245.11236590346783,P1
2025-10-07 10:00:00,266.2958333333333,250.81391448242954,P0
2025-10-07 10:00:00,475.51666666666665,536.1982671185093,Pinc
2025-10-07 10:02:00,272.475,247.96350697022459,P1
2025-10-07 10:02:00,271.68333333333334,257.1140548459689,P0
2025-10-07 10:02:00,482.2791666666667,540.3461079346773,Pinc
2025-10-07 10:02:00,251.75833333333333,250.7410178743352,P4
2025-10-07 10:04:00,257.1791666666667,259.76443804645186,P4
2025-10-07 10:04:00,279.2333333333333,256.90158071076365,P1
2025-10-07 10:04:00,278.22083333333336,262.87666568957195,P0
2025-10-07 10:04:00,490.7166666666667,548.6191983455445,Pinc
2025-10-07 10:06:00,285.2583333333333,262.6313520415914,P1
2025-10-07 10:06:00,498.0958333333333,556.4514480163866,Pinc
2025-10-07 10:06:00,264.125,265.5382000122601,P4
2025-10-07 10:06:00,284.3208333333333,268.3011389260324,P0
2025-10-07 10:08:00,291.30833333333334,268.0253318588098,P1
2025-10-07 10:08:00,270.3333333333333,270.97637747721404,P4
2025-10-07 10:08:00,506.4166666666667,563.9286401833932,Pinc
2025-10-07 10:08:00,290.08750000000003,273.7409977860882,P0
2025-10-07 10:10:00,513.0416666666666,572.3456079161798,Pinc
2025-10-07 10:10:00,296.5375,273.47723620482566,P1
2025-10-07 10:10:00,275.05833333333334,277.1743538361097,P4
2025-10-07 10:10:00,295.0541666666667,279.86919688698197,P0
2025-10-07 10:12:00,302.3625,279.5761613440306,P1
2025-10-07 10:12:00,521.25,581.1066064451397,Pinc
2025-10-07 10:12:00,300.70416666666665,285.40201339444087,P0
2025-10-07 10:12:00,280.5541666666667,282.7242796263853,P4
2025-10-07 10:14:00,307.09166666666664,292.6487974103418,P0
2025-10-07 10:14:00,286.6166666666667,289.97177556804274,P4
2025-10-07 10:14:00,308.8583333333333,285.09190429141677,P1
2025-10-07 10:14:00,530.75,588.1696056904791,Pinc
2025-10-07 10:16:00,292.825,298.7786569881079,P4
2025-10-07 10:16:00,538.9083333333333,599.9390607800984,Pinc
2025-10-07 10:16:00,315.44166666666666,295.7308788162931,P1
2025-10-07 10:16:00,313.825,301.9373388915195,P0
2025-10-07 10:18:00,298.25416666666666,304.8061848314503,P4
2025-10-07 10:18:00,546.1374999999999,606.1250577778857,Pinc
2025-10-07 10:18:00,321.3666666666667,301.7162608718922,P1
2025-10-07 10:18:00,319.675,307.9430979062236,P0
2025-10-07 10:20:00,305.4916666666667,311.369817163967,P4
2025-10-07 10:20:00,555.3333333333334,613.970792541871,Pinc
2025-10-07 10:20:00,328.83750000000003,307.5430705091915,P1
2025-10-07 10:20:00,325.9791666666667,313.9955873401823,P0
2025-10-07 10:22:00,331.7625,319.5822062083828,P0
2025-10-07 10:22:00,562.7083333333334,622.9943403821253,Pinc
2025-10-07 10:22:00,310.27500000000003,316.9744152925139,P4
2025-10-07 10:22:00,334.6125,313.6420482492666,P1
2025-10-07 10:24:00,337.84583333333336,325.18939954936945,P0
2025-10-07 10:24:00,315.78333333333336,322.6024002361721,P4
2025-10-07 10:24:00,570.4916666666667,625.276679641907,Pinc
2025-10-07 10:24:00,340.1333333333333,319.34476511029567,P1
2025-10-07 10:26:00,321.09166666666664,328.1671346618038,P4
2025-10-07 10:26:00,576.2041666666667,632.6533489655876,Pinc
2025-10-07 10:26:00,345.20416666666665,324.9258199395082,P1
2025-10-07 10:26:00,342.85,330.73119464528423,P0
2025-10-07 10:28:00,582.6666666666666,639.047253313132,Pinc
2025-10-07 10:28:00,351.70416666666665,330.48285989643125,P1
2025-10-07 10:28:00,326.6333333333333,333.7632049876916,P4
2025-10-07 10:28:00,348.725,336.30578465543726,P0
2025-10-07 10:30:00,590.3000000000001,643.3449114585983,Pinc
2025-10-07 10:30:00,354.575,341.8897705845838,P0
2025-10-07 10:30:00,356.9583333333333,336.0560184061038,P1
2025-10-07 10:30:00,331.09583333333336,339.3709679579117,P4
2025-10-07 10:32:00,361.85,338.8219636632496,P1
2025-10-07 10:32:00,336.28333333333336,342.1526482269835,P4
2025-10-07 10:32:00,359.95,344.6608398429561,P0
2025-10-07 10:32:00,595.5875,643.9036431333636,Pinc
2025-10-07 10:34:00,365.92083333333335,350.22964801487836,P0
2025-10-07 10:34:00,341.7,347.7435719791149,P4
2025-10-07 10:34:00,603.3166666666667,646.8427307218557,Pinc
2025-10-07 10:34:00,367.3375,344.37971404508875,P1
2025-10-07 10:36:00,371.2166666666667,355.84165642182694,P0
2025-10-07 10:36:00,346.6958333333334,353.37843594462885,P4
2025-10-07 10:36:00,609.35,649.9715507689803,Pinc
2025-10-07 10:36:00,373.4291666666666,349.84653310957697,P1
2025-10-07 10:38:00,377.1166666666666,361.42680818323066,P0
2025-10-07 10:38:00,616.3125,657.5693434340191,Pinc
2025-10-07 10:38:00,380.225,355.5522245563453,P1
2025-10-07 10:38:00,352.3208333333334,358.98517971663125,P4
2025-10-07 10:40:00,624.1999999999999,672.6635712009966,Pinc
2025-10-07 10:40:00,382.8875,367.15296687396483,P0
2025-10-07 10:40:00,386.54583333333335,361.0882175114731,P1
2025-10-07 10:40:00,358.3,364.7340998173687,P4
2025-10-07 10:42:00,388.75416666666666,372.69001002030654,P0
2025-10-07 10:42:00,391.6791666666666,366.80784878848,P1
2025-10-07 10:42:00,630.9791666666666,684.73564791926,Pinc
2025-10-07 10:42:00,363.8625,370.29621748425285,P4
2025-10-07 10:44:00,397.31666666666666,372.3814809401907,P1
2025-10-07 10:44:00,637.9125,695.1614610401979,Pinc
2025-10-07 10:44:00,369.4333333333333,375.89797640316874,P4
2025-10-07 10:44:00,394.67083333333335,378.2713531109273,P0
2025-10-07 10:46:00,373.9083333333333,381.5008546970915,P4
2025-10-07 10:46:00,402.5416666666667,377.9485424816403,P1
2025-10-07 10:46:00,644.4541666666667,703.378673240397,Pinc
2025-10-07 10:46:00,399.7166666666667,383.84722216502314,P0
2025-10-07 10:48:00,650.9583333333334,724.9116960791245,Pinc
2025-10-07 10:48:00,379.2583333333334,389.6253954797172,P4
2025-10-07 10:48:00,407.5916666666667,386.1898545830433,P1
2025-10-07 10:48:00,404.2708333333333,391.93348428957603,P0
2025-10-07 10:50:00,383.51666666666665,394.91702491259923,P4
2025-10-07 10:50:00,409.7625,397.2021972783586,P0
2025-10-07 10:50:00,413.19166666666666,391.561902260218,P1
2025-10-07 10:50:00,657.1041666666666,733.198907545579,Pinc
2025-10-07 10:52:00,663.3333333333334,741.1584535433475,Pinc
2025-10-07 10:52:00,414.3958333333333,402.72283947460727,P0
2025-10-07 10:52:00,388.4375,400.46157359182604,P4
2025-10-07 10:52:00,419.1125,396.5756923262494,P1
2025-10-07 10:54:00,393.7416666666666,406.0253857017399,P4
2025-10-07 10:54:00,669.7875,749.0956901789276,Pinc
2025-10-07 10:54:00,419.8875,408.2613499172424,P0
2025-10-07 10:54:00,424.9958333333333,402.35886228781857,P1
2025-10-07 10:56:00,429.7208333333333,407.8638153952397,P1
2025-10-07 10:56:00,674.375,756.9718304021061,Pinc
2025-10-07 10:56:00,424.26666666666665,413.90886703052524,P0
2025-10-07 10:56:00,397.65,411.6947445998061,P4
2025-10-07 10:58:00,434.76666666666665,413.473575311958,P1
2025-10-07 10:58:00,682.025,764.4592956139816,Pinc
2025-10-07 10:58:00,429.7291666666667,419.37387990620624,P0
2025-10-07 10:58:00,403.23333333333335,417.1848587998047,P4
2025-10-07 11:00:00,407.2083333333333,421.83928975762586,P4
2025-10-07 11:00:00,687.1791666666667,772.2019612377258,Pinc
2025-10-07 11:00:00,438.9291666666666,418.9390845893734,P1
2025-10-07 11:00:00,434.7416666666666,423.99825043548714,P0
2025-10-07 11:02:00,444.2833333333333,420.8330747708598,P1
2025-10-07 11:02:00,692.375,777.0315075391272,Pinc
2025-10-07 11:02:00,440.9916666666666,424.6450705846486,P0
2025-10-07 11:02:00,412.7916666666667,424.56872654202897,P4
2025-10-07 11:04:00,418.775,427.95306172078847,P4
2025-10-07 11:04:00,700.0708333333333,788.5666258041388,Pinc
2025-10-07 11:04:00,450.5833333333333,424.2180035810901,P1
2025-10-07 11:04:00,447.4583333333333,426.22772682300445,P0
2025-10-07 11:06:00,708.1625,796.612239008113,Pinc
2025-10-07 11:06:00,456.85833333333335,425.8013045946317,P1
2025-10-07 11:06:00,453.9666666666667,431.04150428593715,P0
2025-10-07 11:06:00,424.9958333333333,429.52369988807754,P4
2025-10-07 11:08:00,427.5125,434.3593321265311,P4
2025-10-07 11:08:00,459.35,430.6164809740912,P1
2025-10-07 11:08:00,711.9708333333333,804.2324056376075,Pinc
2025-10-07 11:08:00,456.29583333333335,435.76969929498057,P0
2025-10-07 11:10:00,460.5541666666666,435.30427220538604,P1
2025-10-07 11:10:00,709.7666666666668,811.7649670359747,Pinc
2025-10-07 11:10:00,457.1125,440.88742618650497,P0
2025-10-07 11:10:00,427.7916666666667,438.8663117866783,P4
2025-10-07 11:12:00,468.5416666666667,445.80229251367945,P0
2025-10-07 11:12:00,471.4,440.3732520271962,P1
2025-10-07 11:12:00,725.1374999999999,817.9197624654822,Pinc
2025-10-07 11:12:00,437.1166666666666,443.8051002446712,P4
2025-10-07 11:14:00,475.4708333333333,449.88957117179325,P0
2025-10-07 11:14:00,480.07916666666665,445.2722802163124,P1
2025-10-07 11:14:00,445.4875,447.92067278368944,P4
2025-10-07 11:14:00,735.1875,824.0042555659354,Pinc
2025-10-07 11:16:00,480.10833333333335,457.2253106658356,P0
2025-10-07 11:16:00,484.2458333333333,451.9329811851167,P1
2025-10-07 11:16:00,737.5416666666666,828.144042408159,Pinc
2025-10-07 11:16:00,447.9041666666667,455.39508336393067,P4
2025-10-07 11:18:00,744.0083333333333,825.3949325919599,Pinc
2025-10-07 11:18:00,490.1,456.7815136830687,P1
2025-10-07 11:18:00,485.6625,461.7601195225726,P0
2025-10-07 11:18:00,453.50416666666666,460.48171073721363,P4
2025-10-07 11:20:00,495.45416666666665,461.85005546546574,P1
2025-10-07 11:20:00,491.575,466.91336969439027,P0
2025-10-07 11:20:00,751.3416666666667,828.3762417292212,Pinc
2025-10-07 11:20:00,460.725,465.03657598166944,P4
2025-10-07 11:22:00,466.0083333333334,470.44205544302315,P4
2025-10-07 11:22:00,757.2583333333333,822.0919958294935,Pinc
2025-10-07 11:22:00,497.35833333333335,472.2972238198819,P0
2025-10-07 11:22:00,500.0208333333333,466.3641313740342,P1
2025-10-07 11:24:00,760.6374999999999,824.9628552181981,Pinc
2025-10-07 11:24:00,469.4166666666667,475.5747025191375,P4
2025-10-07 11:24:00,504.2458333333333,471.74080731300535,P1
2025-10-07 11:24:00,500.7833333333333,477.5049353102965,P0
2025-10-07 11:26:00,509.9166666666667,476.9143631284318,P1
2025-10-07 11:26:00,473.8208333333334,480.76774061175144,P4
2025-10-07 11:26:00,505.7583333333334,482.61742067981083,P0
2025-10-07 11:26:00,765.0416666666666,806.3456102232955,Pinc
2025-10-07 11:28:00,515.1291666666667,481.9705852903331,P1
2025-10-07 11:28:00,479.2833333333333,485.8613558364702,P4
2025-10-07 11:28:00,772.1791666666667,801.3431571132651,Pinc
2025-10-07 11:28:00,511.85,487.65388076678903,P0
2025-10-07 11:30:00,521.5,487.0280645835361,P1
2025-10-07 11:30:00,779.2458333333334,814.5416379035194,Pinc
2025-10-07 11:30:00,485.7291666666667,490.8968210729389,P4
2025-10-07 11:30:00,518.5083333333333,492.66343927345133,P0
2025-10-07 11:32:00,490.3708333333333,493.37901371159273,P4
2025-10-07 11:32:00,525.9833333333333,489.51386862850956,P1
2025-10-07 11:32:00,523.8000000000001,495.1359083709678,P0
2025-10-07 11:32:00,785.2541666666666,816.744407203808,Pinc
2025-10-07 11:34:00,787.9375,846.2742842945532,Pinc
2025-10-07 11:34:00,494.3875,498.32588527437855,P4
2025-10-07 11:34:00,530.1041666666666,494.4506827654132,P1
2025-10-07 11:34:00,528.3166666666667,499.92801925270214,P0
2025-10-07 11:36:00,533.8291666666667,499.23159789288917,P1
2025-10-07 11:36:00,790.4791666666666,851.3683400557579,Pinc
2025-10-07 11:36:00,499.4083333333333,503.1143095009964,P4
2025-10-07 11:36:00,533.1625,504.82593211602926,P0
2025-10-07 11:38:00,539.6791666666667,504.1197180967806,P1
2025-10-07 11:38:00,504.85833333333335,507.9986762062738,P4
2025-10-07 11:38:00,538.6999999999999,509.39949521888127,P0
2025-10-07 11:38:00,797.0916666666667,871.571899934393,Pinc
2025-10-07 11:40:00,801.4041666666667,877.6316964843413,Pinc
2025-10-07 11:40:00,507.8083333333333,512.5565946850561,P4
2025-10-07 11:40:00,543.7708333333334,514.2241599838699,P0
2025-10-07 11:40:00,544.225,508.9584668264562,P1
2025-10-07 11:42:00,805.9833333333332,883.5903976516499,Pinc
2025-10-07 11:42:00,511.92083333333335,517.364705902219,P4
2025-10-07 11:42:00,547.8833333333333,518.6003515086343,P0
2025-10-07 11:42:00,549.35,513.4894949865446,P1
2025-10-07 11:44:00,810.525,889.4703322194368,Pinc
2025-10-07 11:44:00,553.025,518.2651842287348,P1
2025-10-07 11:44:00,517.1291666666667,521.7350887071754,P4
2025-10-07 11:44:00,552.65,523.360281065756,P0
2025-10-07 11:46:00,556.4041666666667,522.5886444330243,P1
2025-10-07 11:46:00,812.9833333333332,895.2689342471367,Pinc
2025-10-07 11:46:00,518.225,526.2653516095263,P4
2025-10-07 11:46:00,555.5625,527.8687967718722,P0
2025-10-07 11:48:00,560.1875,529.4451566329777,P1
2025-10-07 11:48:00,815.8666666666667,902.0375588215867,Pinc
2025-10-07 11:48:00,522.2375000000001,533.29814169781,P4
2025-10-07 11:48:00,559.4583333333334,534.8669530267429,P0
2025-10-07 11:50:00,563.1416666666667,534.086591666034,P1
2025-10-07 11:50:00,819.8416666666667,898.7292595970146,Pinc
2025-10-07 11:50:00,525.8125,537.6728715884244,P4
2025-10-07 11:50:00,562.8583333333333,538.9411765997088,P0
2025-10-07 11:52:00,530.2166666666667,541.9749910787768,P4
2025-10-07 11:52:00,825.9833333333332,899.8698995291741,Pinc
2025-10-07 11:52:00,568.6083333333333,543.5044647108695,P0
2025-10-07 11:52:00,567.4541666666667,538.4157972894926,P1
2025-10-07 11:54:00,832.6583333333333,905.1527561783756,Pinc
2025-10-07 11:54:00,574.9625,547.4420962156283,P0
2025-10-07 11:54:00,572.9541666666667,542.7049289965141,P1
2025-10-07 11:54:00,535.1458333333334,545.931172974382,P4
2025-10-07 11:56:00,578.7708333333334,551.3729441432303,P0
2025-10-07 11:56:00,538.9083333333333,549.8836706361432,P4
2025-10-07 11:56:00,575.8708333333333,546.6137077431139,P1
2025-10-07 11:56:00,836.3958333333334,910.7432258322416,Pinc
2025-10-07 11:58:00,581.4416666666667,555.3105855906034,P0
2025-10-07 11:58:00,837.975,913.5177102675846,Pinc
2025-10-07 11:58:00,578.5,550.5361548699744,P1
2025-10-07 11:58:00,541.3874999999999,553.841145650026,P4
2025-10-07 12:00:00,841.4708333333333,918.4802428998499,Pinc
2025-10-07 12:00:00,581.4250000000001,554.4700865400126,P1
2025-10-07 12:00:00,585.0333333333333,558.3688017203041,P0
2025-10-07 12:00:00,544.0916666666667,556.9209373348629,P4
2025-10-07 12:02:00,548.5,559.0942157518397,P4
2025-10-07 12:02:00,584.9041666666667,556.658611062342,P1
2025-10-07 12:02:00,844.8375,920.2585071597442,Pinc
2025-10-07 12:02:00,589.1166666666667,560.5301118026357,P0
2025-10-07 12:04:00,553.2958333333333,563.408223212102,P4
2025-10-07 12:04:00,592.6875,564.8273865714202,P0
2025-10-07 12:04:00,848.2708333333334,926.317872378623,Pinc
2025-10-07 12:04:00,588.1333333333333,559.7283218559834,P1
2025-10-07 12:06:00,850.9916666666667,931.8740592011002,Pinc
2025-10-07 12:06:00,591.1,564.0369230583528,P1
2025-10-07 12:06:00,596.1916666666667,568.7064614165713,P0
2025-10-07 12:06:00,554.3916666666667,567.3046349297949,P4
2025-10-07 12:08:00,857.125,937.5553009246283,Pinc
2025-10-07 12:08:00,594.3166666666667,567.8849128084605,P1
2025-10-07 12:08:00,558.2541666666667,571.5154983451782,P4
2025-10-07 12:08:00,601.1875,572.9021295763483,P0
2025-10-07 12:10:00,861.4291666666667,942.3531208759688,Pinc
2025-10-07 12:10:00,598.4125,572.0910031532873,P1
2025-10-07 12:10:00,562.9291666666667,575.683235864869,P4
2025-10-07 12:10:00,604.9291666666667,577.0483978882356,P0
2025-10-07 12:12:00,565.0041666666667,579.7781049741923,P4
2025-10-07 12:12:00,602.4708333333334,576.2148985775356,P1
2025-10-07 12:12:00,862.6958333333333,945.2814066151758,Pinc
2025-10-07 12:12:00,608.8666666666667,581.128733579773,P0
2025-10-07 12:14:00,606.9625,580.2968540117773,P1
2025-10-07 12:14:00,568.2666666666667,582.4045529733239,P4
2025-10-07 12:14:00,867.0875,937.5369622198872,Pinc
2025-10-07 12:14:00,612.9499999999999,583.737782506253,P0
2025-10-07 12:16:00,617.5708333333333,589.4170002389253,P0
2025-10-07 12:16:00,572.1999999999999,588.1066609100029,P4
2025-10-07 12:16:00,871.2916666666666,907.0613820647303,Pinc
2025-10-07 12:16:00,609.6208333333333,584.8918917354877,P1
2025-10-07 12:18:00,622.8125,593.1101975436594,P0
2025-10-07 12:18:00,614.8333333333334,588.5828710370179,P1
2025-10-07 12:18:00,577.4583333333334,592.0018584292006,P4
2025-10-07 12:18:00,878.4333333333334,912.5883680526624,Pinc
2025-10-07 12:20:00,578.4666666666667,595.664063603607,P4
2025-10-07 12:20:00,625.0083333333333,595.8267927086438,P0
2025-10-07 12:20:00,618.225,592.290487204202,P1
2025-10-07 12:20:00,879.2125,916.3122405322168,Pinc
2025-10-07 12:22:00,620.7333333333333,595.0357688167509,P1
2025-10-07 12:22:00,627.8041666666667,599.6121957684146,P0
2025-10-07 12:22:00,581.5541666666667,598.3462989194868,P4
2025-10-07 12:22:00,881.6625,920.0541919391815,Pinc
2025-10-07 12:24:00,885.9125,923.5649232744863,Pinc
2025-10-07 12:24:00,584.5291666666667,602.077785218615,P4
2025-10-07 12:24:00,623.4916666666667,598.8267475239817,P1
2025-10-07 12:24:00,630.7083333333334,603.3281605560629,P0
2025-10-07 12:26:00,633.975,605.0927373591571,P0
2025-10-07 12:26:00,588.5666666666667,603.8563637705165,P4
2025-10-07 12:26:00,625.5749999999999,602.5351316426734,P1
2025-10-07 12:26:00,885.1999999999999,926.962239689925,Pinc
2025-10-07 12:28:00,627.2291666666666,604.3117901219425,P1
2025-10-07 12:28:00,886.9625,930.2522191511612,Pinc
2025-10-07 12:28:00,635.4,608.065104156174,P0
2025-10-07 12:28:00,590.3666666666667,606.8456577714705,P4
2025-10-07 12:30:00,638.4333333333333,611.5819261125501,P0
2025-10-07 12:30:00,630.3416666666667,607.3229950754951,P1
2025-10-07 12:30:00,889.9416666666666,933.4471570364535,Pinc
2025-10-07 12:30:00,593.0208333333334,610.37232374113,P4
2025-10-07 12:32:00,643.2166666666667,612.5635148378743,P0
2025-10-07 12:32:00,895.9625,933.9939347977472,Pinc
2025-10-07 12:32:00,596.9,612.1136209749732,P4
2025-10-07 12:32:00,634.8708333333333,609.1052075351733,P1
2025-10-07 12:34:00,646.1208333333333,615.9765959200062,P0
2025-10-07 12:34:00,599.2416666666667,614.7841732918521,P4
2025-10-07 12:34:00,638.4708333333333,611.8672911888987,P1
2025-10-07 12:34:00,899.9250000000001,937.0092659827471,Pinc
2025-10-07 12:36:00,649.2166666666667,619.6017970429905,P0
2025-10-07 12:36:00,641.1999999999999,615.3017404981579,P1
2025-10-07 12:36:00,602.3833333333333,618.4184357085119,P4
2025-10-07 12:36:00,901.325,939.8990164486148,Pinc
2025-10-07 12:38:00,905.6083333333332,942.682865531188,Pinc
2025-10-07 12:38:00,652.3166666666667,623.0240274643404,P0
2025-10-07 12:38:00,643.2541666666667,618.9680286286548,P1
2025-10-07 12:38:00,605.1750000000001,621.8533551226211,P4
2025-10-07 12:40:00,607.5041666666667,625.0924803297883,P4
2025-10-07 12:40:00,654.2791666666667,626.4294891596151,P0
2025-10-07 12:40:00,904.9541666666668,945.3657431110578,Pinc
2025-10-07 12:40:00,645.3000000000001,622.4709565651921,P1
2025-10-07 12:42:00,609.4958333333333,628.447579839429,P4
2025-10-07 12:42:00,906.5333333333332,947.1084859625145,Pinc
2025-10-07 12:42:00,647.1875,625.9430866642886,P1
2025-10-07 12:42:00,656.9958333333333,629.5924986514058,P0
2025-10-07 12:44:00,909.8333333333334,949.5566453874471,Pinc
2025-10-07 12:44:00,612.5500000000001,625.0975888108311,P4
2025-10-07 12:44:00,659.9375,626.2179762165615,P0
2025-10-07 12:44:00,649.2458333333333,629.1808035362156,P1
2025-10-07 12:46:00,651.3458333333333,625.8785236602008,P1
2025-10-07 12:46:00,615.0333333333333,628.0856720162296,P4
2025-10-07 12:46:00,912.0291666666668,951.8751916406868,Pinc
2025-10-07 12:46:00,661.1374999999999,629.0978496436338,P0
2025-10-07 12:48:00,915.4416666666666,955.1256053903803,Pinc
2025-10-07 12:48:00,665.4541666666667,632.4654475068452,P0
2025-10-07 12:48:00,654.9499999999999,630.1841695887791,P1
2025-10-07 12:48:00,618.9958333333333,632.3341680426093,P4
2025-10-07 12:50:00,917.475,957.1484845520496,Pinc
2025-10-07 12:50:00,658.5041666666667,632.419758234926,P1
2025-10-07 12:50:00,667.9458333333333,635.2608351335763,P0
2025-10-07 12:50:00,621.9833333333333,634.1742501480734,P4
2025-10-07 12:52:00,671.9333333333333,635.9592095212404,P0
2025-10-07 12:52:00,920.2291666666666,959.0518196137245,Pinc
2025-10-07 12:52:00,661.6208333333333,635.3804762558605,P1
2025-10-07 12:52:00,626.2916666666666,634.882500699334,P4
2025-10-07 12:54:00,627.9375,637.5226998346199,P4
2025-10-07 12:54:00,663.7166666666667,636.2633390528619,P1
2025-10-07 12:54:00,920.7583333333332,953.3845698938288,Pinc
2025-10-07 12:54:00,674.2333333333333,638.5932405202047,P0
2025-10-07 12:56:00,630.65,640.1024989324641,P4
2025-10-07 12:56:00,677.5416666666666,641.1588581764208,P0
2025-10-07 12:56:00,921.7333333333332,955.0318425316831,Pinc
2025-10-07 12:56:00,666.0833333333334,639.0832539446643,P1
2025-10-07 12:58:00,680.4291666666667,643.6701540660665,P0
2025-10-07 12:58:00,668.5416666666666,641.9620547770236,P1
2025-10-07 12:58:00,631.5124999999999,642.6193039695081,P4
2025-10-07 12:58:00,922.1958333333332,956.57007020387,Pinc
2025-10-07 13:00:00,925.8,957.9864617791164,Pinc
2025-10-07 13:00:00,634.0124999999999,640.9906791954717,P4
2025-10-07 13:00:00,669.4958333333333,640.8090170203182,P1
2025-10-07 13:00:00,682.35,642.0290125696433,P0
2025-10-07 13:02:00,925.7833333333332,958.6514081968701,Pinc
2025-10-07 13:02:00,683.7458333333334,643.2099745989185,P0
2025-10-07 13:02:00,671.4666666666667,642.254607837071,P1
2025-10-07 13:02:00,635.0875,642.1752689676946,P4
2025-10-07 13:04:00,672.8125,643.9750013424989,P1
2025-10-07 13:04:00,684.9708333333333,641.9663097002638,P0
2025-10-07 13:04:00,636.0583333333333,640.9507303142905,P4
2025-10-07 13:04:00,927.4583333333334,959.8961191580455,Pinc
2025-10-07 13:06:00,637.5208333333334,643.1793218627308,P4
2025-10-07 13:06:00,930.6916666666666,961.0179457427266,Pinc
2025-10-07 13:06:00,688.3291666666668,644.1871256681735,P0
2025-10-07 13:06:00,675.9708333333334,644.1891951026964,P1
2025-10-07 13:08:00,639.4666666666667,645.3361640378743,P4
2025-10-07 13:08:00,678.025,646.4321476602381,P1
2025-10-07 13:08:00,691.6374999999999,644.0230304110852,P0
2025-10-07 13:08:00,932.3375,962.0170584073959,Pinc
2025-10-07 13:10:00,933.65,962.883764467083,Pinc
2025-10-07 13:10:00,641.4416666666667,645.1220172708954,P4
2025-10-07 13:10:00,679.5,648.628482294873,P1
2025-10-07 13:10:00,694.0916666666667,646.1126356618716,P0
2025-10-07 13:12:00,680.6333333333333,646.8136772139671,P1
2025-10-07 13:12:00,931.8916666666668,963.6287344945687,Pinc
2025-10-07 13:12:00,694.875,645.1723311322943,P0
2025-10-07 13:12:00,641.1458333333334,644.1930779718123,P4
2025-10-07 13:14:00,681.5375,648.8408739303037,P1
2025-10-07 13:14:00,933.6708333333332,961.8498663246763,Pinc
2025-10-07 13:14:00,696.7458333333334,647.0959894258815,P0
2025-10-07 13:14:00,644.2791666666667,646.1251981495765,P4
2025-10-07 13:16:00,682.8791666666666,650.6766019401681,P1
2025-10-07 13:16:00,647.0500000000001,648.897419751912,P4
2025-10-07 13:16:00,697.2541666666666,645.950188000781,P0
2025-10-07 13:16:00,934.0708333333332,962.6080292182571,Pinc
2025-10-07 13:18:00,647.9875000000001,646.7301711390074,P4
2025-10-07 13:18:00,699.7041666666668,647.6769471428802,P0
2025-10-07 13:18:00,935.2958333333332,962.9639706925465,Pinc
2025-10-07 13:18:00,683.1333333333333,652.085988706577,P1
2025-10-07 13:20:00,650.1416666666667,648.3805356678406,P4
2025-10-07 13:20:00,700.775,648.2392763856262,P0
2025-10-07 13:20:00,685.6541666666667,653.8381984897925,P1
2025-10-07 13:20:00,936.9,963.1859326497078,Pinc
2025-10-07 13:22:00,702.2833333333333,649.8021454063469,P0
2025-10-07 13:22:00,686.1791666666667,655.5128119138626,P1
2025-10-07 13:22:00,937.925,963.2928291981603,Pinc
2025-10-07 13:22:00,650.7375000000001,648.8788978721589,P4
2025-10-07 13:24:00,653.4458333333333,650.3859966565634,P4
2025-10-07 13:24:00,938.8291666666668,963.2802341579896,Pinc
2025-10-07 13:24:00,705.0666666666666,651.3001036337671,P0
2025-10-07 13:24:00,689.0,657.1214680232398,P1
2025-10-07 13:26:00,655.0166666666667,651.801523826648,P4
2025-10-07 13:26:00,706.6875,652.2865313822072,P0
2025-10-07 13:26:00,690.2083333333334,658.6369981635765,P1
2025-10-07 13:26:00,939.6625,963.1434306221363,Pinc
2025-10-07 13:28:00,941.2833333333332,962.8840681199256,Pinc
2025-10-07 13:28:00,654.2416666666667,652.7176063969338,P4
2025-10-07 13:28:00,709.9208333333332,653.6281048247456,P0
2025-10-07 13:28:00,692.2416666666667,660.0798847182477,P1
2025-10-07 13:30:00,655.1166666666667,653.9822939697567,P4
2025-10-07 13:30:00,693.6583333333333,666.9690498125121,P1
2025-10-07 13:30:00,709.4916666666667,654.8936507661147,P0
2025-10-07 13:30:00,942.0083333333332,962.5110626380235,Pinc
2025-10-07 13:32:00,692.7708333333334,667.6247244433484,P1
2025-10-07 13:32:00,708.7458333333334,655.4955873066535,P0
2025-10-07 13:32:00,940.2208333333332,962.2788661191609,Pinc
2025-10-07 13:32:00,656.2624999999999,654.5834105761558,P4
2025-10-07 13:34:00,656.5,655.7453464037138,P4
2025-10-07 13:34:00,708.9499999999999,656.6554732988621,P0
2025-10-07 13:34:00,691.8375,668.8892392352082,P1
2025-10-07 13:34:00,937.2458333333334,961.7385007832409,Pinc
2025-10-07 13:36:00,710.625,657.7153846475497,P0
2025-10-07 13:36:00,658.7624999999999,656.806602956856,P4
2025-10-07 13:36:00,693.5541666666667,671.6414020004403,P1
2025-10-07 13:36:00,939.4333333333334,963.4909392723482,Pinc
2025-10-07 13:38:00,660.5791666666667,657.8079009100968,P4
2025-10-07 13:38:00,940.0916666666668,962.7036165329115,Pinc
2025-10-07 13:38:00,695.6791666666667,672.7439125088505,P1
2025-10-07 13:38:00,712.8874999999999,658.7146968228024,P0
2025-10-07 13:40:00,942.8125,961.7960468811781,Pinc
2025-10-07 13:40:00,715.8041666666667,659.6358063056806,P0
2025-10-07 13:40:00,664.1,658.7267811970327,P4
2025-10-07 13:40:00,699.275,673.7718748702836,P1
2025-10-07 13:42:00,715.625,669.54707251756,P0
2025-10-07 13:42:00,941.5583333333334,975.0429165653779,Pinc
2025-10-07 13:42:00,699.3583333333332,683.8826003032004,P1
2025-10-07 13:42:00,665.3416666666666,668.6239611155287,P4
2025-10-07 13:44:00,716.9375,616.4863097565058,P0
2025-10-07 13:44:00,942.4916666666668,880.6574914274918,Pinc
2025-10-07 13:44:00,699.7208333333333,624.7620724196274,P1
2025-10-07 13:44:00,667.2875,610.1259237897276,P4
2025-10-07 13:46:00,713.5708333333333,622.9680376936552,P0
2025-10-07 13:46:00,939.0791666666668,888.6444482989183,Pinc
2025-10-07 13:46:00,665.6958333333333,622.103629222227,P4
2025-10-07 13:46:00,700.0833333333334,631.3964711061443,P1
2025-10-07 13:48:00,665.3166666666667,518.0095840538131,P4
2025-10-07 13:48:00,940.0166666666668,722.6285973181876,Pinc
2025-10-07 13:48:00,714.9875000000001,518.730520526453,P0
2025-10-07 13:48:00,698.8083333333334,526.1130312973559,P1
2025-10-07 13:50:00,667.0875,562.4889652156972,P4
2025-10-07 13:50:00,941.1791666666668,790.2317032507177,Pinc
2025-10-07 13:50:00,716.2375000000001,563.2726588843589,P0
2025-10-07 13:50:00,700.225,571.2249818332532,P1
2025-10-07 13:52:00,663.8375,518.7243215221088,P4
2025-10-07 13:52:00,712.1958333333333,519.4500705878487,P0
2025-10-07 13:52:00,936.4583333333334,720.1989618694726,Pinc
2025-10-07 13:52:00,698.6666666666666,526.9699825891909,P1
2025-10-07 13:54:00,664.85,624.1031834665142,P4
2025-10-07 13:54:00,934.1375,889.472981459904,Pinc
2025-10-07 13:54:00,698.2958333333332,633.779363332327,P1
2025-10-07 13:54:00,713.9583333333334,626.5626563085353,P0
2025-10-07 13:56:00,926.2625,878.6387741298241,Pinc
2025-10-07 13:56:00,694.2875,628.1804661657991,P1
2025-10-07 13:56:00,709.5666666666666,620.9460184254503,P0
2025-10-07 13:56:00,662.4375,618.4940054454355,P4
2025-10-07 13:58:00,663.5333333333333,678.2165865510602,P4
2025-10-07 13:58:00,695.525,688.7645401683945,P1
2025-10-07 13:58:00,711.9916666666667,680.7596413440715,P0
2025-10-07 13:58:00,926.0708333333332,968.8021785049484,Pinc
2025-10-07 14:00:00,712.9708333333333,671.7409290802022,P0
2025-10-07 14:00:00,664.1999999999999,669.206832249637,P4
2025-10-07 14:00:00,697.3000000000001,679.725203693928,P1
2025-10-07 14:00:00,928.4583333333334,952.58923251764,Pinc
2025-10-07 14:02:00,923.125,951.4744161239987,Pinc
2025-10-07 14:02:00,661.3916666666667,669.2329578538967,P4
2025-10-07 14:02:00,694.4583333333334,679.7949121301966,P1
2025-10-07 14:02:00,710.8791666666666,671.769201125352,P0
2025-10-07 14:04:00,711.9708333333333,671.7535842257982,P0
2025-10-07 14:04:00,666.2208333333333,669.2109831364119,P4
2025-10-07 14:04:00,928.1333333333332,949.1658084573713,Pinc
2025-10-07 14:04:00,699.0041666666666,679.8547094624793,P1
2025-10-07 14:06:00,926.4708333333332,946.7267741555399,Pinc
2025-10-07 14:06:00,665.2291666666666,669.1012920812243,P4
2025-10-07 14:06:00,698.8041666666667,679.8311284467843,P1
2025-10-07 14:06:00,711.3458333333333,671.6485807015546,P0
2025-10-07 14:08:00,661.0375,668.9224713286301,P4
2025-10-07 14:08:00,709.1083333333332,671.4732224838468,P0
2025-10-07 14:08:00,697.4666666666667,679.7356129752138,P1
2025-10-07 14:08:00,921.9541666666668,944.997156881029,Pinc
2025-10-07 14:10:00,709.6750000000001,671.2149228580854,P0
2025-10-07 14:10:00,697.1791666666667,679.5495421587215,P1
2025-10-07 14:10:00,920.2458333333334,942.3371732651345,Pinc
2025-10-07 14:10:00,663.275,668.6555950466242,P4
2025-10-07 14:12:00,711.1041666666666,669.2928309084432,P0
2025-10-07 14:12:00,920.4333333333334,939.5552314392651,Pinc
2025-10-07 14:12:00,666.3333333333334,668.3101558126942,P4
2025-10-07 14:12:00,697.1333333333333,679.283946001177,P1
2025-10-07 14:14:00,664.9583333333334,667.8892279846167,P4
2025-10-07 14:14:00,919.425,936.6753561314998,Pinc
2025-10-07 14:14:00,696.0916666666667,678.9461921944152,P1
2025-10-07 14:14:00,711.0333333333333,668.8793957389806,P0
2025-10-07 14:16:00,916.4041666666668,933.1312822842475,Pinc
2025-10-07 14:16:00,708.6166666666667,668.0944999888919,P0
2025-10-07 14:16:00,696.3166666666666,678.2598103170118,P1
2025-10-07 14:16:00,663.4625,667.0911813268208,P4
2025-10-07 14:18:00,658.2624999999999,666.4636367013218,P4
2025-10-07 14:18:00,690.0500000000001,677.713916060536,P1
2025-10-07 14:18:00,905.5625,929.9650477569152,Pinc
2025-10-07 14:18:00,701.75,667.475817369962,P0
2025-10-07 14:20:00,905.2166666666668,926.6917990720104,Pinc
2025-10-07 14:20:00,658.3166666666667,660.2494463721468,P4
2025-10-07 14:20:00,690.4333333333334,677.0793885450065,P1
2025-10-07 14:20:00,702.8916666666668,666.777649744993,P0
2025-10-07 14:22:00,908.1833333333334,923.313557371713,Pinc
2025-10-07 14:22:00,705.2458333333334,660.5028492596964,P0
2025-10-07 14:22:00,663.0791666666667,659.4827871324574,P4
2025-10-07 14:22:00,694.0166666666668,676.3801154537267,P1
2025-10-07 14:24:00,701.0833333333334,659.6527128313714,P0
2025-10-07 14:24:00,904.275,919.8321130853742,Pinc
2025-10-07 14:24:00,661.3000000000001,658.6255915836542,P4
2025-10-07 14:24:00,691.0583333333334,675.5846475719209,P1
2025-10-07 14:26:00,703.9125,658.7416600850146,P0
2025-10-07 14:26:00,694.1999999999999,674.7290214799015,P1
2025-10-07 14:26:00,905.2833333333332,916.1296086493072,Pinc
2025-10-07 14:26:00,660.9416666666667,657.7057757911787,P4
2025-10-07 14:28:00,694.5500000000001,673.7736740935748,P1
2025-10-07 14:28:00,662.5166666666667,656.6883730168399,P4
2025-10-07 14:28:00,703.7541666666666,657.7322644800163,P0
2025-10-07 14:28:00,904.2833333333332,912.4285507263512,Pinc
2025-10-07 14:30:00,904.2291666666666,906.9386808780193,Pinc
2025-10-07 14:30:00,663.7541666666667,655.6059336922294,P4
2025-10-07 14:30:00,703.7583333333333,656.6607789630476,P0
2025-10-07 14:30:00,694.8625000000001,672.7496273570493,P1
2025-10-07 14:32:00,900.8791666666666,905.0008622510891,Pinc
2025-10-07 14:32:00,660.7666666666667,655.0304287067227,P4
2025-10-07 14:32:00,692.8708333333334,672.2029509601439,P1
2025-10-07 14:32:00,703.2375000000001,656.0934989418806,P0
2025-10-07 14:34:00,660.2833333333333,653.8396637780296,P4
2025-10-07 14:34:00,701.9708333333333,654.9125219769811,P0
2025-10-07 14:34:00,691.7291666666666,669.4904068602301,P1
2025-10-07 14:34:00,898.5041666666666,937.4650224007792,Pinc
2025-10-07 14:36:00,690.8416666666667,668.2790746372317,P1
2025-10-07 14:36:00,896.1291666666666,945.2770773664056,Pinc
2025-10-07 14:36:00,700.5333333333333,653.6547667891351,P0
2025-10-07 14:36:00,659.6416666666667,652.5746188632289,P4
2025-10-07 14:38:00,699.9458333333333,652.3146794540319,P0
2025-10-07 14:38:00,893.9333333333334,942.3807928689092,Pinc
2025-10-07 14:38:00,657.7458333333333,651.650225162953,P4
2025-10-07 14:38:00,690.4333333333334,666.9835089146269,P1
2025-10-07 14:40:00,700.975,651.3111321235995,P0
2025-10-07 14:40:00,894.6875,937.6247375744884,Pinc
2025-10-07 14:40:00,658.5458333333333,650.207816898947,P4
2025-10-07 14:40:00,692.1750000000001,660.0882621936973,P1
2025-10-07 14:42:00,704.3291666666668,649.8131076700645,P0
2025-10-07 14:42:00,897.8666666666667,931.9763923245251,Pinc
2025-10-07 14:42:00,663.2166666666667,648.6980109982059,P4
2025-10-07 14:42:00,696.1125000000001,658.6382355919847,P1
2025-10-07 14:44:00,695.775,657.1142049641073,P1
2025-10-07 14:44:00,896.4083333333333,926.4773763643443,Pinc
2025-10-07 14:44:00,663.6999999999999,648.1824593932602,P4
2025-10-07 14:44:00,702.2666666666668,648.2351720838464,P0
2025-10-07 14:46:00,693.9708333333333,655.5091044588157,P1
2025-10-07 14:46:00,698.5541666666667,647.651489231696,P0
2025-10-07 14:46:00,891.4916666666667,920.4538137840333,Pinc
2025-10-07 14:46:00,660.7958333333333,646.5093997459446,P4
2025-10-07 14:48:00,687.0583333333334,652.9785275215321,P1
2025-10-07 14:48:00,654.875,647.7853111220691,P4
2025-10-07 14:48:00,692.3375,645.0450711562285,P0
2025-10-07 14:48:00,881.7833333333333,913.7805625376424,Pinc
2025-10-07 14:50:00,684.1041666666666,651.6126534882669,P1
2025-10-07 14:50:00,651.6916666666667,645.9224766106614,P4
2025-10-07 14:50:00,690.2624999999999,647.0992340233526,P0
2025-10-07 14:50:00,877.3833333333333,911.0437670507729,Pinc
2025-10-07 14:52:00,650.0916666666667,646.9311719338286,P4
2025-10-07 14:52:00,689.4333333333334,645.1886389148696,P0
2025-10-07 14:52:00,875.3166666666666,905.5001177807933,Pinc
2025-10-07 14:52:00,682.9166666666666,649.7540130411153,P1
2025-10-07 14:54:00,876.6,900.2749140294563,Pinc
2025-10-07 14:54:00,691.0916666666667,646.112591798656,P0
2025-10-07 14:54:00,652.7666666666667,644.9019549502611,P4
2025-10-07 14:54:00,685.7875,648.8834249610899,P1
2025-10-07 14:56:00,691.4499999999999,644.0467405155232,P0
2025-10-07 14:56:00,653.6541666666667,645.133751215142,P4
2025-10-07 14:56:00,687.6958333333333,646.8766789435421,P1
2025-10-07 14:56:00,877.025,899.1832737530798,Pinc
2025-10-07 14:58:00,651.8583333333333,642.9756721980556,P4
2025-10-07 14:58:00,872.9041666666667,902.5952482338112,Pinc
2025-10-07 14:58:00,685.7624999999999,648.7115168908938,P1
2025-10-07 14:58:00,690.0458333333332,644.215252123568,P0
2025-10-07 15:00:00,866.85,898.7535533509077,Pinc
2025-10-07 15:00:00,683.35,646.5457046858434,P1
2025-10-07 15:00:00,647.4375,640.7439216245835,P4
2025-10-07 15:00:00,685.9416666666666,641.9957770688009,P0
2025-10-07 15:02:00,642.2583333333333,643.139405654343,P4
2025-10-07 15:02:00,677.6916666666667,640.8587111667077,P0
2025-10-07 15:02:00,856.7208333333333,895.9162964887964,Pinc
2025-10-07 15:02:00,677.0124999999999,645.4332499329236,P1
2025-10-07 15:04:00,674.0124999999999,642.0653575195697,P0
2025-10-07 15:04:00,669.3416666666667,646.0880302933193,P1
2025-10-07 15:04:00,636.775,640.7768342987238,P4
2025-10-07 15:04:00,848.5875,890.206110380481,Pinc
2025-10-07 15:06:00,666.6708333333333,643.7377498174233,P1
2025-10-07 15:06:00,634.2041666666667,642.4154078750964,P4
2025-10-07 15:06:00,672.0166666666667,643.7247002475651,P0
2025-10-07 15:06:00,842.4875000000001,884.4069436397605,Pinc
2025-10-07 15:08:00,671.1666666666666,641.2365980240634,P0
2025-10-07 15:08:00,842.1791666666667,878.5226888017379,Pinc
2025-10-07 15:08:00,668.1333333333333,643.6282055245329,P1
2025-10-07 15:08:00,633.5625,639.9150089182804,P4
2025-10-07 15:10:00,835.8083333333334,872.5682005522324,Pinc
2025-10-07 15:10:00,663.9375,641.1280183434909,P1
2025-10-07 15:10:00,666.3083333333333,638.6775667162502,P0
2025-10-07 15:10:00,630.9,637.3384353253239,P4
2025-10-07 15:12:00,657.0333333333333,642.0714707412825,P1
2025-10-07 15:12:00,658.6541666666667,636.0230559207173,P0
2025-10-07 15:12:00,623.0625,634.6687480148852,P4
2025-10-07 15:12:00,823.6166666666667,851.1389207204044,Pinc
2025-10-07 15:14:00,819.4083333333333,847.402157235592,Pinc
2025-10-07 15:14:00,653.4041666666667,643.4694253561519,P1
2025-10-07 15:14:00,655.0749999999999,635.3270564642876,P0
2025-10-07 15:14:00,620.2916666666666,633.9525361094571,P4
2025-10-07 15:16:00,649.5333333333333,639.2799166985229,P1
2025-10-07 15:16:00,616.0625,630.6508007517092,P4
2025-10-07 15:16:00,651.5,632.05639122415,P0
2025-10-07 15:16:00,813.5208333333334,815.9897594377519,Pinc
2025-10-07 15:18:00,648.9833333333333,636.3869320119591,P1
2025-10-07 15:18:00,614.0583333333333,627.7975966176972,P4
2025-10-07 15:18:00,650.0958333333333,629.1211232728804,P0
2025-10-07 15:18:00,810.8249999999999,803.1650273448535,Pinc
2025-10-07 15:20:00,649.8166666666667,626.2408090207903,P0
2025-10-07 15:20:00,649.8000000000001,635.4594175608847,P1
2025-10-07 15:20:00,614.4541666666667,624.8044666982255,P4
2025-10-07 15:20:00,810.5041666666666,800.0698961463486,Pinc
2025-10-07 15:22:00,806.0583333333334,818.0986378463872,Pinc
2025-10-07 15:22:00,647.8291666666667,632.4652627963109,P1
2025-10-07 15:22:00,647.5375,629.6583891398669,P0
2025-10-07 15:22:00,612.975,628.1885499051476,P4
2025-10-07 15:24:00,796.8958333333334,823.7285779319989,Pinc
2025-10-07 15:24:00,641.6666666666666,626.5163133815557,P0
2025-10-07 15:24:00,642.3,630.3417171611119,P1
2025-10-07 15:24:00,608.2166666666667,624.8485217877914,P4
2025-10-07 15:26:00,796.5541666666667,827.8556440266501,Pinc
2025-10-07 15:26:00,641.5583333333333,627.3131423579398,P1
2025-10-07 15:26:00,607.1458333333334,621.5160321698877,P4
2025-10-07 15:26:00,641.1750000000001,623.1530043492727,P0
2025-10-07 15:28:00,637.7624999999999,630.5503462665122,P1
2025-10-07 15:28:00,636.6999999999999,619.753475831856,P0
2025-10-07 15:28:00,604.6916666666667,618.2376311876378,P4
2025-10-07 15:28:00,790.6708333333332,827.3659657651431,Pinc
2025-10-07 15:30:00,634.3166666666667,616.3614062670341,P0
2025-10-07 15:30:00,788.0041666666666,828.5326562982862,Pinc
2025-10-07 15:30:00,637.4583333333334,627.1740317934265,P1
2025-10-07 15:30:00,604.1958333333333,614.5374141491759,P4
2025-10-07 15:32:00,605.0749999999999,612.8448643228764,P4
2025-10-07 15:32:00,636.625,625.3132794203586,P1
2025-10-07 15:32:00,634.2583333333333,614.3861476840665,P0
2025-10-07 15:32:00,786.1291666666666,826.6831119966253,Pinc
2025-10-07 15:34:00,600.3541666666666,610.1108210817151,P4
2025-10-07 15:34:00,779.4333333333334,825.3691108992276,Pinc
2025-10-07 15:34:00,632.8208333333333,621.8525928600717,P1
2025-10-07 15:34:00,631.1291666666667,611.672927463673,P0
2025-10-07 15:36:00,631.3666666666667,618.2281221991909,P1
2025-10-07 15:36:00,598.9833333333333,606.5924873656314,P4
2025-10-07 15:36:00,776.3416666666667,820.2129619217843,Pinc
2025-10-07 15:36:00,628.725,608.1658297083793,P0
2025-10-07 15:38:00,594.2791666666667,603.6132497563683,P4
2025-10-07 15:38:00,622.4791666666666,605.2079447372042,P0
2025-10-07 15:38:00,625.6,614.3965446264987,P1
2025-10-07 15:38:00,769.0458333333332,814.1804831891176,Pinc
2025-10-07 15:40:00,762.0083333333333,806.7806446461648,Pinc
2025-10-07 15:40:00,588.3791666666667,601.8183160652485,P4
2025-10-07 15:40:00,621.7958333333333,611.5362136565736,P1
2025-10-07 15:40:00,616.725,603.434757180093,P0
2025-10-07 15:42:00,616.8625000000001,599.7696345656094,P0
2025-10-07 15:42:00,620.1333333333333,607.8891808431226,P1
2025-10-07 15:42:00,758.3791666666666,799.3626707904343,Pinc
2025-10-07 15:42:00,585.5791666666667,598.1344735672212,P4
2025-10-07 15:44:00,614.7666666666667,596.003366439919,P0
2025-10-07 15:44:00,583.225,595.4690654934336,P4
2025-10-07 15:44:00,619.0791666666667,604.7349745788811,P1
2025-10-07 15:44:00,754.8708333333334,791.6499758114793,Pinc
2025-10-07 15:46:00,751.1374999999999,782.536107807276,Pinc
2025-10-07 15:46:00,581.8708333333333,591.8043540152934,P4
2025-10-07 15:46:00,611.7708333333334,593.2892512563002,P0
2025-10-07 15:46:00,615.6541666666667,602.7780506565277,P1
2025-10-07 15:48:00,580.4708333333333,585.9227919703425,P4
2025-10-07 15:48:00,610.025,587.6242923433235,P0
2025-10-07 15:48:00,612.6708333333333,596.9349358433896,P1
2025-10-07 15:48:00,747.2458333333334,767.703140685844,Pinc
2025-10-07 15:50:00,608.3958333333334,594.1117216641289,P1
2025-10-07 15:50:00,742.0166666666668,760.3567427803871,Pinc
2025-10-07 15:50:00,606.1458333333334,583.9298896586805,P0
2025-10-07 15:50:00,576.5708333333333,582.2104469156061,P4
2025-10-07 15:52:00,734.5916666666667,752.6733362753503,Pinc
2025-10-07 15:52:00,599.9625,581.3524588180255,P0
2025-10-07 15:52:00,602.0083333333333,590.3096701998738,P1
2025-10-07 15:52:00,569.9125,579.610555757491,P4
2025-10-07 15:54:00,564.1125000000001,575.5019658858909,P4
2025-10-07 15:54:00,725.0749999999999,744.9194917316424,Pinc
2025-10-07 15:54:00,596.1333333333333,586.2240631416201,P1
2025-10-07 15:54:00,594.4,577.2622180617387,P0
2025-10-07 15:56:00,590.8625000000001,573.1401047805331,P0
2025-10-07 15:56:00,719.8333333333334,737.1396535849741,Pinc
2025-10-07 15:56:00,592.7583333333333,582.3655860887069,P1
2025-10-07 15:56:00,560.8249999999999,571.3612130911501,P4
2025-10-07 15:58:00,589.0375,579.5624270937959,P1
2025-10-07 15:58:00,557.0,567.132532423985,P4
2025-10-07 15:58:00,713.8416666666667,729.1734860378326,Pinc
2025-10-07 15:58:00,587.475,568.9320018661763,P0
2025-10-07 16:00:00,705.3208333333333,721.1495804098365,Pinc
2025-10-07 16:00:00,581.2958333333333,565.0767595593903,P0
2025-10-07 16:00:00,551.1541666666667,563.2584579835602,P4
2025-10-07 16:00:00,583.975,575.3189947215029,P1
2025-10-07 16:02:00,581.1625,571.0377508235845,P1
2025-10-07 16:02:00,577.2708333333334,560.8021270400446,P0
2025-10-07 16:02:00,700.975,703.7817649874082,Pinc
2025-10-07 16:02:00,548.5375,558.9647410051138,P4
2025-10-07 16:04:00,576.2083333333334,568.8716668430418,P1
2025-10-07 16:04:00,572.9583333333334,558.6434372165315,P0
2025-10-07 16:04:00,545.1958333333333,558.0979455776514,P4
2025-10-07 16:04:00,695.1374999999999,699.8676270233849,Pinc
2025-10-07 16:06:00,541.6750000000001,551.9649240538214,P4
2025-10-07 16:06:00,689.3874999999999,685.5249475776833,Pinc
2025-10-07 16:06:00,569.2833333333333,553.3769763041682,P0
2025-10-07 16:06:00,572.5124999999999,562.6713736626413,P1
2025-10-07 16:08:00,565.975,551.6571917269774,P0
2025-10-07 16:08:00,537.4250000000001,549.7599937373897,P4
2025-10-07 16:08:00,684.9,677.5550876824907,Pinc
2025-10-07 16:08:00,568.3958333333334,560.4758676356103,P1
2025-10-07 16:10:00,561.1791666666667,545.482562258227,P0
2025-10-07 16:10:00,562.9083333333333,555.0692728352499,P1
2025-10-07 16:10:00,677.1916666666667,658.7005696022618,Pinc
2025-10-07 16:10:00,531.1125000000001,544.1493218485826,P4
2025-10-07 16:12:00,558.7458333333333,552.802301631687,P1
2025-10-07 16:12:00,527.4208333333333,541.8754222194992,P4
2025-10-07 16:12:00,671.25,654.797012030052,Pinc
2025-10-07 16:12:00,557.1125000000001,543.8120738789613,P0
2025-10-07 16:14:00,554.9333333333333,546.924295138538,P1
2025-10-07 16:14:00,552.0375,537.2418484953118,P0
2025-10-07 16:14:00,665.3916666666667,648.4500000362208,Pinc
2025-10-07 16:14:00,523.5625,535.2750287096255,P4
2025-10-07 16:16:00,543.1166666666667,534.9343588524902,P0
2025-10-07 16:16:00,651.5708333333333,644.4794219639036,Pinc
2025-10-07 16:16:00,513.3541666666666,533.2184827563334,P4
2025-10-07 16:16:00,544.4,544.6084413568661,P1
2025-10-07 16:18:00,540.0291666666667,538.4925093183305,P1
2025-10-07 16:18:00,505.35,526.2304688321483,P4
2025-10-07 16:18:00,538.3791666666667,528.2361914436907,P0
2025-10-07 16:18:00,644.4375,641.268066088042,Pinc
2025-10-07 16:20:00,503.4125,524.0818477871616,P4
2025-10-07 16:20:00,535.2333333333333,536.1413256790074,P1
2025-10-07 16:20:00,534.8916666666667,525.8931050607439,P0
2025-10-07 16:20:00,639.7708333333334,641.2817713852312,Pinc
2025-10-07 16:22:00,532.75,518.9891116040101,P0
2025-10-07 16:22:00,532.4875000000001,529.252433553832,P1
2025-10-07 16:22:00,635.5666666666667,632.0049029878683,Pinc
2025-10-07 16:22:00,504.3125,517.3571094467176,P4
2025-10-07 16:24:00,633.1625,627.9957149155038,Pinc
2025-10-07 16:24:00,529.6875,526.8572727821041,P1
2025-10-07 16:24:00,502.1958333333334,514.9600442601767,P4
2025-10-07 16:24:00,530.1,517.0142789349092,P0
2025-10-07 16:26:00,627.6750000000001,621.8242652689244,Pinc
2025-10-07 16:26:00,526.6875,519.7839601592999,P1
2025-10-07 16:26:00,527.0041666666667,509.78756770013814,P0
2025-10-07 16:26:00,498.2791666666667,507.99134011327703,P4
2025-10-07 16:28:00,624.2708333333334,617.5423282998335,Pinc
2025-10-07 16:28:00,523.7916666666666,507.6642089440266,P0
2025-10-07 16:28:00,524.65,517.7621611552628,P1
2025-10-07 16:28:00,494.94166666666666,505.5671408509775,P4
2025-10-07 16:30:00,520.7583333333333,500.38149212648335,P0
2025-10-07 16:30:00,619.8,606.1299599959192,Pinc
2025-10-07 16:30:00,491.70416666666665,498.38688516561876,P4
2025-10-07 16:30:00,520.8541666666666,510.4239230701588,P1
2025-10-07 16:32:00,512.1875,505.797293600361,P1
2025-10-07 16:32:00,609.1416666666667,599.6454490201332,Pinc
2025-10-07 16:32:00,484.8375,493.4886260263939,P4
2025-10-07 16:32:00,512.4541666666667,495.63899362450206,P0
2025-10-07 16:34:00,607.7583333333333,595.4799199608657,Pinc
2025-10-07 16:34:00,510.2208333333333,493.1770212444578,P0
2025-10-07 16:34:00,483.9708333333333,491.0157649156388,P4
2025-10-07 16:34:00,511.575,503.3161747790611,P1
2025-10-07 16:36:00,506.5291666666667,495.8548070653608,P1
2025-10-07 16:36:00,480.5583333333333,483.4580893369393,P4
2025-10-07 16:36:00,506.2375,485.64429843920806,P0
2025-10-07 16:36:00,601.4375,584.3710148713678,Pinc
2025-10-07 16:38:00,498.9791666666667,483.1046233290388,P0
2025-10-07 16:38:00,472.8041666666666,480.87464080165205,P4
2025-10-07 16:38:00,497.95,493.2920666525986,P1
2025-10-07 16:38:00,590.9625,581.5365600567276,Pinc
2025-10-07 16:40:00,468.6666666666667,473.2053955551785,P4
2025-10-07 16:40:00,584.1333333333333,568.8687423307204,Pinc
2025-10-07 16:40:00,493.12916666666666,475.4288141702181,P0
2025-10-07 16:40:00,493.7875,485.6847315661311,P1
2025-10-07 16:42:00,489.4708333333333,472.872367683457,P0
2025-10-07 16:42:00,464.6,470.6419393844406,P4
2025-10-07 16:42:00,578.7333333333333,565.0002728557175,Pinc
2025-10-07 16:42:00,489.8875,483.1046647729917,P1
2025-10-07 16:44:00,484.10833333333335,475.27197150097476,P1
2025-10-07 16:44:00,570.3791666666667,553.6173083995061,Pinc
2025-10-07 16:44:00,458.7916666666667,462.7421257498829,P4
2025-10-07 16:44:00,483.0125,464.9983089030629,P0
2025-10-07 16:46:00,478.1541666666667,462.386379139101,P0
2025-10-07 16:46:00,561.6458333333334,549.8003735904148,Pinc
2025-10-07 16:46:00,453.4125,460.7438400393312,P4
2025-10-07 16:46:00,478.5625,472.6303321793546,P1
2025-10-07 16:48:00,472.6958333333334,464.5173915975167,P1
2025-10-07 16:48:00,447.95416666666665,453.01466524524943,P4
2025-10-07 16:48:00,472.825,455.3096046116564,P0
2025-10-07 16:48:00,553.9333333333333,538.3908556710835,Pinc
2025-10-07 16:50:00,468.225,452.7398896569474,P0
2025-10-07 16:50:00,547.9916666666667,534.4140960309709,Pinc
2025-10-07 16:50:00,467.75,461.9239791399709,P1
2025-10-07 16:50:00,443.01666666666665,450.76906713363496,P4
2025-10-07 16:52:00,512.4416666666667,521.9590895979297,Pinc
2025-10-07 16:52:00,440.2916666666667,454.8438603029611,P1
2025-10-07 16:52:00,414.175,444.1363263756723,P4
2025-10-07 16:52:00,438.8375,446.4751948600046,P0
2025-10-07 16:54:00,462.2833333333333,452.56630494179865,P1
2025-10-07 16:54:00,540.0958333333333,518.1532294830203,Pinc
2025-10-07 16:54:00,463.39166666666665,443.883187936641,P0
2025-10-07 16:54:00,437.975,441.8674136838723,P4
2025-10-07 16:56:00,453.5416666666667,436.4857441522291,P0
2025-10-07 16:56:00,524.9333333333333,505.67750261193976,Pinc
2025-10-07 16:56:00,428.1041666666667,434.74218877989165,P4
2025-10-07 16:56:00,451.4166666666667,445.6904183679959,P1
2025-10-07 16:58:00,453.0375,434.44572187166483,P0
2025-10-07 16:58:00,425.5375,432.05536366614325,P4
2025-10-07 16:58:00,445.275,443.3304015807627,P1
2025-10-07 16:58:00,519.9833333333333,501.40792732198355,Pinc
2025-10-07 17:00:00,519.4083333333333,488.8418920393845,Pinc
2025-10-07 17:00:00,426.5708333333334,428.41327812520325,P4
2025-10-07 17:00:00,448.9,435.45961544866213,P1
2025-10-07 17:00:00,452.7125,427.00474767223113,P0
2025-10-07 17:02:00,447.4875,425.4676323031299,P0
2025-10-07 17:02:00,422.175,425.07909823607775,P4
2025-10-07 17:02:00,443.7583333333334,430.70578937937546,P1
2025-10-07 17:02:00,510.4458333333334,480.3752622734132,Pinc
2025-10-07 17:04:00,442.50416666666666,424.8225247061688,P0
2025-10-07 17:04:00,416.4166666666667,422.3463397922016,P4
2025-10-07 17:04:00,501.5541666666666,476.0601992007471,Pinc
2025-10-07 17:04:00,438.4875,428.539269519702,P1
2025-10-07 17:06:00,431.0125,424.16148374076835,P1
2025-10-07 17:06:00,435.1333333333334,417.47284275545513,P0
2025-10-07 17:06:00,490.4666666666667,463.2128032988898,Pinc
2025-10-07 17:06:00,407.9791666666667,414.9676719695855,P4
2025-10-07 17:08:00,428.81666666666666,414.7230415674116,P0
2025-10-07 17:08:00,481.5083333333334,459.6349375202536,Pinc
2025-10-07 17:08:00,401.3375,412.20978280967705,P4
2025-10-07 17:08:00,424.6791666666666,423.45690740482877,P1
2025-10-07 17:10:00,391.7,403.8537399931771,P4
2025-10-07 17:10:00,412.7916666666667,416.00030030878895,P1
2025-10-07 17:10:00,418.14166666666665,406.39102913796734,P0
2025-10-07 17:10:00,468.275,447.5642486504555,Pinc
2025-10-07 17:12:00,387.45416666666665,401.09592703093375,P4
2025-10-07 17:12:00,408.3666666666666,413.21274038165996,P1
2025-10-07 17:12:00,413.4916666666666,403.63888759991613,P0
2025-10-07 17:12:00,463.3,444.5057898857149,Pinc
2025-10-07 17:14:00,382.3666666666666,393.108146697005,P4
2025-10-07 17:14:00,402.8375,404.72569660496185,P1
2025-10-07 17:14:00,408.1833333333333,395.41685255405423,P0
2025-10-07 17:14:00,456.2125,433.1993336107672,Pinc
2025-10-07 17:16:00,374.04583333333335,390.33364443998744,P4
2025-10-07 17:16:00,394.1583333333333,401.9176900178398,P1
2025-10-07 17:16:00,399.9625,392.9093804420031,P0
2025-10-07 17:16:00,445.4166666666667,429.5811832569867,Pinc
2025-10-07 17:18:00,390.1166666666666,393.8228689660625,P1
2025-10-07 17:18:00,369.82916666666665,382.29050261094164,P4
2025-10-07 17:18:00,395.7375,384.82107239967064,P0
2025-10-07 17:18:00,439.5,423.0023309657198,Pinc
2025-10-07 17:20:00,384.625,391.02785852290793,P1
2025-10-07 17:20:00,364.2875,379.53112269127337,P4
2025-10-07 17:20:00,390.32916666666665,382.1392849166612,P0
2025-10-07 17:20:00,431.8416666666667,419.65389671007676,Pinc
2025-10-07 17:22:00,377.6541666666667,382.7871842024821,P1
2025-10-07 17:22:00,357.6333333333334,371.1638098794117,P4
2025-10-07 17:22:00,422.23333333333335,406.94386662443833,Pinc
2025-10-07 17:22:00,383.3,373.79662755258954,P0
2025-10-07 17:24:00,414.1208333333333,402.7769409023789,Pinc
2025-10-07 17:24:00,352.1791666666666,368.37635117607834,P4
2025-10-07 17:24:00,377.3208333333334,371.0140231087948,P0
2025-10-07 17:24:00,372.0958333333333,379.9624210383569,P1
2025-10-07 17:26:00,347.7416666666666,359.9138973287933,P4
2025-10-07 17:26:00,367.8208333333334,371.5690135778755,P1
2025-10-07 17:26:00,407.05,390.6852297243533,Pinc
2025-10-07 17:26:00,372.95,362.7566396838892,P0
2025-10-07 17:28:00,367.5,359.81392955344893,P0
2025-10-07 17:28:00,342.18333333333334,357.1524576993683,P4
2025-10-07 17:28:00,362.5541666666666,368.76869163426767,P1
2025-10-07 17:28:00,399.2458333333333,386.73212094021295,Pinc
2025-10-07 17:30:00,392.2458333333333,374.4936302547749,Pinc
2025-10-07 17:30:00,337.6958333333333,348.7925857587235,P4
2025-10-07 17:30:00,362.5958333333333,351.4740021243444,P0
2025-10-07 17:30:00,357.8,360.10054439521474,P1
2025-10-07 17:32:00,330.0458333333333,343.2139419453617,P4
2025-10-07 17:32:00,356.00416666666666,345.90791700062346,P0
2025-10-07 17:32:00,382.2375,366.3434696520607,Pinc
2025-10-07 17:32:00,349.82916666666665,354.4442447377742,P1
2025-10-07 17:34:00,323.26666666666665,340.4383375930361,P4
2025-10-07 17:34:00,343.6625,351.6211142269996,P1
2025-10-07 17:34:00,349.6458333333333,343.1362708345294,P0
2025-10-07 17:34:00,373.10833333333335,362.1148114347285,Pinc
2025-10-07 17:36:00,343.9125,334.83467303587474,P0
2025-10-07 17:36:00,317.4833333333333,332.1239158294803,P4
2025-10-07 17:36:00,364.8958333333333,350.06101349388985,Pinc
2025-10-07 17:36:00,338.65416666666664,343.17584892821577,P1
2025-10-07 17:38:00,338.35,332.04808719557906,P0
2025-10-07 17:38:00,333.0541666666667,340.3407386567503,P1
2025-10-07 17:38:00,357.575,346.0518615412044,Pinc
2025-10-07 17:38:00,312.9458333333333,329.3286736383507,P4
2025-10-07 17:40:00,327.825,331.8961975689581,P1
2025-10-07 17:40:00,349.5916666666667,334.15041902794786,Pinc
2025-10-07 17:40:00,333.5,323.759639659905,P0
2025-10-07 17:40:00,307.3625,320.9718639566873,P4
2025-10-07 17:42:00,325.3041666666667,320.9652793851478,P0
2025-10-07 17:42:00,320.19166666666666,329.1024275211112,P1
2025-10-07 17:42:00,299.89166666666665,318.2254028333454,P4
2025-10-07 17:42:00,339.18333333333334,330.23389189706813,Pinc
2025-10-07 17:44:00,315.45,320.58966597671184,P1
2025-10-07 17:44:00,294.97083333333336,309.33718267738993,P4
2025-10-07 17:44:00,319.77916666666664,312.6271477003385,P0
2025-10-07 17:44:00,332.2875,318.42596668293544,Pinc
2025-10-07 17:46:00,311.3125,317.7978663410413,P1
2025-10-07 17:46:00,291.0083333333333,306.60032526624485,P4
2025-10-07 17:46:00,315.4791666666667,309.3588426073782,P0
2025-10-07 17:46:00,326.2625,314.5146171393279,Pinc
2025-10-07 17:48:00,285.1666666666667,297.36649963944325,P4
2025-10-07 17:48:00,305.05,308.8122243500883,P1
2025-10-07 17:48:00,317.8583333333333,301.96087277284295,Pinc
2025-10-07 17:48:00,309.3625,300.6327331283807,P0
2025-10-07 17:50:00,309.08750000000003,297.6373918091619,Pinc
2025-10-07 17:50:00,298.7875,306.0035311604513,P1
2025-10-07 17:50:00,278.97083333333336,294.62107957569003,P4
2025-10-07 17:50:00,303.2625,297.3842003145848,P0
2025-10-07 17:52:00,297.82916666666665,286.8838604323632,P0
2025-10-07 17:52:00,301.5541666666667,284.03502340718796,Pinc
2025-10-07 17:52:00,273.62916666666666,284.13222797732453,P4
2025-10-07 17:52:00,293.40000000000003,296.62367856726127,P1
2025-10-07 17:54:00,291.72083333333336,284.2012771877008,P0
2025-10-07 17:54:00,267.93333333333334,281.4473782399034,P4
2025-10-07 17:54:00,287.2,293.3542511013104,P1
2025-10-07 17:54:00,293.3,280.2329702760014,Pinc
2025-10-07 17:56:00,281.0416666666667,283.25157572297485,P1
2025-10-07 17:56:00,261.9208333333333,272.5281040576364,P4
2025-10-07 17:56:00,284.825,268.4299299081876,Pinc
2025-10-07 17:56:00,286.00416666666666,275.2806247341036,P0
2025-10-07 17:58:00,276.55,264.7453147959786,Pinc
2025-10-07 17:58:00,274.90000000000003,280.39263909939194,P1
2025-10-07 17:58:00,280.0541666666667,272.5879838813143,P0
2025-10-07 17:58:00,255.8708333333333,269.77718838573617,P4
2025-10-07 18:00:00,267.3541666666667,249.9600450897687,Pinc
2025-10-07 18:00:00,267.6375,271.42425297530326,P1
2025-10-07 18:00:00,248.15833333333333,261.34166705128973,P4
2025-10-07 18:00:00,273.0541666666667,264.4786097798314,P0
2025-10-07 18:02:00,259.125,242.0477977887313,Pinc
2025-10-07 18:02:00,241.90416666666667,252.30117578937987,P4
2025-10-07 18:02:00,266.4458333333333,258.7018982517898,P0
2025-10-07 18:02:00,244.60416666666663,265.7014034457714,P1
2025-10-07 18:04:00,251.10833333333332,238.60048544730688,Pinc
2025-10-07 18:04:00,260.9458333333333,256.0593744387841,P0
2025-10-07 18:04:00,236.02083333333331,249.6929975264463,P4
2025-10-07 18:04:00,82.01666666666667,262.9477438185833,P1
2025-10-07 18:06:00,245.1375,226.5143745774743,Pinc
2025-10-07 18:06:00,231.3,241.0015927003574,P4
2025-10-07 18:06:00,255.6875,244.31858298473972,P0
2025-10-07 18:06:00,45.36666666666667,115.1061781538299,P1
2025-10-07 18:08:00,250.66666666666663,241.11475318746568,P0
2025-10-07 18:08:00,238.70416666666665,223.52420029352905,Pinc
2025-10-07 18:08:00,226.9416666666667,238.41821346880872,P4
2025-10-07 18:08:00,45.575,112.52257801746742,P1
2025-10-07 18:10:00,220.7625,228.83554810798432,P4
2025-10-07 18:10:00,45.52916666666667,62.09529117229357,P1
2025-10-07 18:10:00,231.0041666666667,213.4546188507668,Pinc
2025-10-07 18:10:00,244.1625,231.50825291737968,P0
2025-10-07 18:12:00,223.79166666666663,210.2019651588009,Pinc
2025-10-07 18:12:00,214.64583333333331,226.62627539753706,P4
2025-10-07 18:12:00,70.28750000000001,61.747390248880926,P1
2025-10-07 18:12:00,238.44583333333333,228.92321284723965,P0
2025-10-07 18:14:00,232.15833333333333,221.60581965734934,P0
2025-10-07 18:14:00,209.10833333333332,218.8689612108239,P4
2025-10-07 18:14:00,216.6,199.5136034771686,Pinc
2025-10-07 18:14:00,54.3625,175.40081115811157,P1
2025-10-07 18:16:00,209.4125,196.0791524222789,Pinc
2025-10-07 18:16:00,226.29166666666663,218.9740878509221,P0
2025-10-07 18:16:00,203.3625,216.37993742295234,P4
2025-10-07 18:16:00,45.025,149.24095384640702,P1
2025-10-07 18:18:00,44.4125,59.27167125650139,P1
2025-10-07 18:18:00,220.19583333333333,211.51865943860756,P0
2025-10-07 18:18:00,196.8375,208.86726720013675,P4
2025-10-07 18:18:00,201.6625,184.43335184391398,Pinc
2025-10-07 18:20:00,193.9,180.71717770973552,Pinc
2025-10-07 18:20:00,213.65416666666667,209.00702223111628,P0
2025-10-07 18:20:00,190.91666666666663,205.553526986778,P4
2025-10-07 18:20:00,43.6625,59.15718372910805,P1
2025-10-07 18:22:00,207.0125,200.6013839944688,P0
2025-10-07 18:22:00,43.00833333333333,58.04977696329621,P1
2025-10-07 18:22:00,187.0375,171.87668424278846,Pinc
2025-10-07 18:22:00,184.9625,197.78214979126452,P4
2025-10-07 18:24:00,179.80416666666667,167.85985821340682,Pinc
2025-10-07 18:24:00,200.47083333333333,197.89632122114605,P0
2025-10-07 18:24:00,42.525,57.66588797394354,P1
2025-10-07 18:24:00,178.79999999999998,195.28265188264226,P4
2025-10-07 18:26:00,173.32500000000002,158.61172134573033,Pinc
2025-10-07 18:26:00,173.21666666666667,185.71429395375327,P4
2025-10-07 18:26:00,194.475,188.2118136968003,P0
2025-10-07 18:26:00,41.9875,56.50691053280309,P1
2025-10-07 18:28:00,41.3625,56.11845695537455,P1
2025-10-07 18:28:00,188.8375,185.83349776025915,P0
2025-10-07 18:28:00,167.10416666666666,154.43149546105005,Pinc
2025-10-07 18:28:00,168.13333333333333,183.27433976070824,P4
2025-10-07 18:30:00,40.77916666666667,56.16045313808488,P1
2025-10-07 18:30:00,161.45833333333334,175.32780163205692,P4
2025-10-07 18:30:00,159.59583333333333,143.67594545389792,Pinc
2025-10-07 18:30:00,181.5625,177.8505511594239,P0
2025-10-07 18:32:00,153.50416666666666,136.55340533477437,Pinc
2025-10-07 18:32:00,39.62083333333333,55.325109735604926,P1
2025-10-07 18:32:00,177.19583333333333,173.37414525044426,P0
2025-10-07 18:32:00,157.05416666666667,170.86269475025375,P4
2025-10-07 18:34:00,146.4,133.23064733732338,Pinc
2025-10-07 18:34:00,171.63750000000002,170.95452546788553,P0
2025-10-07 18:34:00,39.145833333333336,54.896632540263205,P1
2025-10-07 18:34:00,151.54166666666666,167.4730858977258,P4
2025-10-07 18:36:00,146.56666666666666,159.97456769104195,P4
2025-10-07 18:36:00,38.44583333333333,53.556647022155204,P1
2025-10-07 18:36:00,166.1625,162.62368208835537,P0
2025-10-07 18:36:00,139.6875,121.49821532989367,Pinc
2025-10-07 18:38:00,136.93333333333334,157.65959754341443,P4
2025-10-07 18:38:00,37.325,53.15338785888514,P1
2025-10-07 18:38:00,155.9125,160.09569733719854,P0
2025-10-07 18:38:00,128.82916666666668,116.81141899638135,Pinc
2025-10-07 18:40:00,116.25833333333333,104.5484744070503,Pinc
2025-10-07 18:40:00,125.27083333333331,147.68170770729358,P4
2025-10-07 18:40:00,36.270833333333336,51.80961807221611,P1
2025-10-07 18:40:00,141.77916666666667,150.03599096498988,P0
2025-10-07 18:42:00,34.641666666666666,51.3471814972126,P1
2025-10-07 18:42:00,134.40416666666667,147.72300568498747,P0
2025-10-07 18:42:00,105.52083333333331,102.07616134116437,Pinc
2025-10-07 18:42:00,115.1875,144.97534093083632,P4
2025-10-07 18:44:00,34.208333333333336,49.906485438098876,P1
2025-10-07 18:44:00,111.13333333333333,94.94213966393535,Pinc
2025-10-07 18:44:00,124.61666666666667,136.57670003180226,P4
2025-10-07 18:44:00,142.55833333333334,138.84239728040635,P0
2025-10-07 18:46:00,135.9,136.58336378480493,P0
2025-10-07 18:46:00,103.49166666666667,91.0028822621696,Pinc
2025-10-07 18:46:00,118.2,133.74602824363512,P4
2025-10-07 18:46:00,33.15833333333333,49.42569568185209,P1
2025-10-07 18:48:00,96.73333333333332,79.63104279313647,Pinc
2025-10-07 18:48:00,112.74166666666667,123.41692752502637,P4
2025-10-07 18:48:00,129.70416666666668,128.05854170760742,P0
2025-10-07 18:48:00,32.4,48.48397847353864,P1
2025-10-07 18:50:00,31.60833333333333,47.95295067113913,P1
2025-10-07 18:50:00,107.82916666666668,121.2462131751498,P4
2025-10-07 18:50:00,90.9,76.75995935124158,Pinc
2025-10-07 18:50:00,124.09583333333336,123.35704233610124,P0
2025-10-07 18:52:00,84.85833333333333,68.88341719058732,Pinc
2025-10-07 18:52:00,117.9875,114.77164022498388,P0
2025-10-07 18:52:00,102.24583333333334,111.04385577233789,P4
2025-10-07 18:52:00,30.6125,46.381784436513634,P1
2025-10-07 18:54:00,79.42083333333333,66.96772509480289,Pinc
2025-10-07 18:54:00,30.058333333333334,45.832732920795365,P1
2025-10-07 18:54:00,96.90833333333336,105.79171018097786,P4
2025-10-07 18:54:00,112.0125,110.94493709555358,P0
2025-10-07 18:56:00,74.3,61.14526756384853,Pinc
2025-10-07 18:56:00,91.74583333333334,99.72989183297112,P4
2025-10-07 18:56:00,106.14583333333331,101.5853887609242,P0
2025-10-07 18:56:00,29.65,44.20446612936117,P1
2025-10-07 18:58:00,100.15833333333336,99.58459523926913,P0
2025-10-07 18:58:00,86.50416666666666,97.55785998676521,P4
2025-10-07 18:58:00,57.07083333333333,59.297854449237384,Pinc
2025-10-07 18:58:00,28.8,43.638544713028374,P1
2025-10-07 19:00:00,27.758333333333336,41.93562782106027,P1
2025-10-07 19:00:00,40.44583333333333,55.34993398607565,Pinc
2025-10-07 19:00:00,94.02916666666664,91.78621651322185,P0
2025-10-07 19:00:00,81.4375,87.1216551513108,P4
2025-10-07 19:02:00,26.816666666666663,39.51982847529056,P1
2025-10-07 19:02:00,27.066666666666663,36.292771163261584,Pinc
2025-10-07 19:02:00,65.19583333333334,81.32925716114757,P4
2025-10-07 19:02:00,88.64999999999999,85.05509644465164,P0
2025-10-07 19:04:00,25.3875,38.92766775333797,P1
2025-10-07 19:04:00,26.666666666666668,79.52333925283989,P4
2025-10-07 19:04:00,26.2875,29.394936676384493,Pinc
2025-10-07 19:04:00,83.375,81.09611114129677,P0
2025-10-07 19:06:00,78.1125,74.86071035656899,P0
2025-10-07 19:06:00,25.166666666666668,26.46724519197811,Pinc
2025-10-07 19:06:00,24.3375,37.12306300518653,P1
2025-10-07 19:06:00,21.96666666666667,47.486972655240685,P4
2025-10-07 19:08:00,21.2,37.11519987126257,P4
2025-10-07 19:08:00,23.89583333333333,26.024581326667818,Pinc
2025-10-07 19:08:00,72.29166666666667,71.78920644747271,P0
2025-10-07 19:08:00,23.78333333333333,36.49486766992585,P1
2025-10-07 19:10:00,66.5125,65.70034376516553,P0
2025-10-07 19:10:00,23.04583333333333,24.678367958329265,Pinc
2025-10-07 19:10:00,20.39583333333333,27.835707009083734,P4
2025-10-07 19:10:00,22.95,30.270551664969766,P1
2025-10-07 19:12:00,61.075,63.98505998198426,P0
2025-10-07 19:12:00,22.041666666666668,24.224077931475872,Pinc
2025-10-07 19:12:00,19.53333333333333,27.34014410872437,P4
2025-10-07 19:12:00,21.416666666666668,29.711369067110493,P1
2025-10-07 19:14:00,20.8625,22.79728632037891,Pinc
2025-10-07 19:14:00,56.025,59.01203020170606,P0
2025-10-07 19:14:00,18.73333333333333,25.775853015058857,P4
2025-10-07 19:14:00,19.729166666666668,27.953061930955815,P1
2025-10-07 19:16:00,50.7,57.28354854691609,P0
2025-10-07 19:16:00,18.8625,27.350507043099963,P1
2025-10-07 19:16:00,17.979166666666668,25.2375170191875,P4
2025-10-07 19:16:00,19.666666666666668,22.30840846290523,Pinc
2025-10-07 19:18:00,43.35833333333333,53.47903586469141,P0
2025-10-07 19:18:00,17.116666666666667,23.68535290635028,P4
2025-10-07 19:18:00,18.629166666666663,20.8914074213166,Pinc
2025-10-07 19:18:00,17.7,25.60115428713968,P1
2025-10-07 19:20:00,17.025000000000002,20.398912038962216,Pinc
2025-10-07 19:20:00,15.695833333333333,23.145313230644586,P4
2025-10-07 19:20:00,16.358333333333334,24.994275361513374,P1
2025-10-07 19:20:00,25.6875,51.7610561948353,P0
2025-10-07 19:22:00,17.175,48.12340539571123,P0
2025-10-07 19:22:00,14.054166666666667,22.02218991070357,P4
2025-10-07 19:22:00,14.770833333333334,23.71447748773112,P1
2025-10-07 19:22:00,15.566666666666668,19.368233631976818,Pinc
2025-10-07 19:24:00,14.116666666666667,16.43469410285429,Pinc
2025-10-07 19:24:00,12.729166666666666,18.701692963789892,P4
2025-10-07 19:24:00,15.429166666666667,41.31835491830378,P0
2025-10-07 19:24:00,13.045833333333334,20.117012517716294,P1
2025-10-07 19:26:00,12.6125,15.503628960885106,Pinc
2025-10-07 19:26:00,15.333333333333334,36.39812068070624,P0
2025-10-07 19:26:00,11.5375,17.69199146279162,P4
2025-10-07 19:26:00,11.695833333333333,18.967729289428984,P1
2025-10-07 19:28:00,13.295833333333334,25.46890878137575,P0
2025-10-07 19:28:00,11.1875,10.338494594053255,Pinc
2025-10-07 19:28:00,10.6125,12.646834594356338,P1
2025-10-07 19:28:00,10.175,11.80921172515078,P4
2025-10-07 19:30:00,10.745833333333332,18.03660964686828,P0
2025-10-07 19:30:00,8.795833333333333,14.210611602043784,P4
2025-10-07 19:30:00,9.816666666666666,12.401488464613204,Pinc
2025-10-07 19:30:00,8.866666666666667,15.15861330311412,P1
2025-10-07 19:32:00,9.279166666666669,14.11606309220352,P0
2025-10-07 19:32:00,7.458333333333333,13.564000300939378,P4
2025-10-07 19:32:00,8.283333333333333,11.809698117629345,Pinc
2025-10-07 19:32:00,7.304166666666667,14.431861772042337,P1
2025-10-07 19:34:00,5.658333333333334,13.862575464565085,P1
2025-10-07 19:34:00,6.091666666666666,13.047712184104594,P4
2025-10-07 19:34:00,7.733333333333333,13.575610147774613,P0
2025-10-07 19:34:00,6.7250000000000005,11.345466931026916,Pinc
2025-10-07 19:36:00,5.245833333333334,8.894772581452887,Pinc
2025-10-07 19:36:00,5.991666666666667,10.673792339293893,P0
2025-10-07 19:36:00,4.433333333333333,10.267351277947657,P4
2025-10-07 19:36:00,4.879166666666666,10.851163062442062,P1
2025-10-07 19:38:00,4.2375,8.505173505937737,Pinc
2025-10-07 19:38:00,3.2291666666666665,9.83203478894262,P4
2025-10-07 19:38:00,3.7291666666666665,10.369083223952657,P1
2025-10-07 19:38:00,4.2,10.217955828812558,P0
2025-10-07 19:40:00,1.8291666666666664,8.27704875510122,P1
2025-10-07 19:40:00,1.8708333333333331,7.906581217347217,P4
2025-10-07 19:40:00,2.779166666666667,8.206677188843518,P0
2025-10-07 19:40:00,2.4875000000000003,6.803871374620845,Pinc
2025-10-07 19:42:00,0.5,7.8526980025447966,P1
2025-10-07 19:42:00,1.5041666666666669,7.804250560584765,P0
2025-10-07 19:42:00,0.3666666666666666,7.523029066174598,P4
2025-10-07 19:42:00,1.0333333333333334,6.46082673665126,Pinc
2025-10-07 19:44:00,0.1958333333333333,5.896257086016554,P0
2025-10-07 19:44:00,0.0541666666666666,4.856107145031548,Pinc
2025-10-07 19:44:00,0.0,5.695055272399004,P4
2025-10-07 19:44:00,0.0,5.886305936330863,P1
2025-10-07 19:46:00,0.0,5.535217346406994,P1
2025-10-07 19:46:00,0.0,5.376100374314463,P4
2025-10-07 19:46:00,0.0,4.57182966840229,Pinc
2025-10-07 19:46:00,0.0,5.561146862924403,P0
2025-10-07 19:48:00,0.0,3.512848443841231,P0
2025-10-07 19:48:00,0.0,3.4149821039040655,P4
2025-10-07 19:48:00,0.0,3.436229167431158,P1
2025-10-07 19:48:00,0.0,2.8558356714159503,Pinc
2025-10-07 19:50:00,0.0,2.4908722263186474,Pinc
2025-10-07 19:50:00,0.0,2.9929994892266016,P1
2025-10-07 19:50:00,0.0,3.0036763643327173,P4
2025-10-07 19:50:00,0.0,3.0810248183953663,P0
2025-10-07 19:52:00,0.0,1.6425925692130807,Pinc
2025-10-07 19:52:00,0.0,1.987228097604888,P1
2025-10-07 19:52:00,0.0,2.032543950677398,P4
2025-10-07 19:52:00,0.0,2.068731405322773,P0
2025-10-07 19:54:00,0.0,1.7659874217778098,P4
2025-10-07 19:54:00,0.0,1.7251963303223405,P1
2025-10-07 19:54:00,0.0,1.7938964760359986,P0
2025-10-07 19:54:00,0.0,1.4139900562388827,Pinc
2025-10-07 19:56:00,0.0,0.8983404840503609,Pinc
2025-10-07 19:56:00,0.0,1.1265651103569871,P1
2025-10-07 19:56:00,0.0,1.1516920281708125,P4
2025-10-07 19:56:00,0.0,1.1659848523885374,P0
2025-10-07 19:58:00,0.0,0.970397308967446,P1
2025-10-07 19:58:00,0.0,1.0031546803243128,P0
2025-10-07 19:58:00,0.0,0.9913443731816337,P4
2025-10-07 19:58:00,0.0,0.7664933713183929,Pinc
2025-10-07 20:00:00,0.0,0.6109208193170943,P4
2025-10-07 20:00:00,0.0,0.4600891378471405,Pinc
2025-10-07 20:00:00,0.0,0.6182887354769453,P0
2025-10-07 20:00:00,0.0,0.5995662482047855,P1
2025-10-07 20:02:00,0.0,0.41398319629730423,P1
2025-10-07 20:02:00,0.0,0.4261934193089975,P0
2025-10-07 20:02:00,0.0,0.31196383973191655,Pinc
2025-10-07 20:02:00,0.0,0.42085140957954925,P4
2025-10-07 20:04:00,0.0,0.2501747276048291,Pinc
2025-10-07 20:04:00,0.0,0.340478760207359,P4
2025-10-07 20:04:00,0.0,0.33525603443373625,P1
2025-10-07 20:04:00,0.0,0.3449845887257452,P0
2025-10-07 20:06:00,0.0,0.1297233743633783,Pinc
2025-10-07 20:06:00,0.0,0.1812732021201706,P4
2025-10-07 20:06:00,0.0,0.1795432184778579,P1
2025-10-07 20:06:00,0.0,0.18385797053900388,P0
2025-10-07 20:08:00,0.0,0.18219398756068725,P1
2025-10-07 20:08:00,0.0,0.12988258716397522,Pinc
2025-10-07 20:08:00,0.0,0.18393956207846354,P4
2025-10-07 20:08:00,0.0,0.18667422832452418,P0
2025-10-07 20:10:00,0.0,0.08375056981226674,P1
2025-10-07 20:10:00,0.0,0.0551468395972714,Pinc
2025-10-07 20:10:00,0.0,0.08322540867113927,P4
2025-10-07 20:10:00,0.0,0.08439849989267584,P0
2025-10-07 20:12:00,0.0,0.03771562972780587,Pinc
2025-10-07 20:12:00,0.0,0.060618411190871656,P0
2025-10-07 20:12:00,0.0,0.05967406686124228,P4
2025-10-07 20:12:00,0.0,0.05979157933735959,P1
2025-10-07 20:14:00,0.0,0.022677318389754723,P0
2025-10-07 20:14:00,0.0,0.023130246140898952,P1
2025-10-07 20:14:00,0.0,0.013019740415735448,Pinc
2025-10-07 20:14:00,0.0,0.022260475595368714,P4
2025-10-07 20:16:00,0.0,0.009294479713220833,Pinc
2025-10-07 20:16:00,0.0,0.016784298479280625,P0
2025-10-07 20:16:00,0.0,0.01665044338895627,P1
2025-10-07 20:16:00,0.0,0.016362846466210914,P4
2025-10-07 20:18:00,0.0,0.0042778805896864685,Pinc
2025-10-07 20:18:00,0.0,0.0073524291982250065,P4
2025-10-07 20:18:00,0.0,0.007591911157659755,P0
2025-10-07 20:18:00,0.0,0.007841860424581602,P1
2025-10-07 20:20:00,0.0,0.006090713002698754,P1
2025-10-07 20:20:00,0.0,0.006081721785184423,P0
2025-10-07 20:20:00,0.0,0.003451844790523956,Pinc
2025-10-07 20:20:00,0.0,0.005833558012152007,P4
2025-10-07 20:22:00,0.0,0.0028313370893373454,P4
2025-10-07 20:22:00,0.0,0.0019553745850109977,Pinc
2025-10-07 20:22:00,0.0,0.0030968487502428753,P1
2025-10-07 20:22:00,0.0,0.002958138407842511,P0
2025-10-07 20:24:00,0.0,0.0022712576980046437,P4
2025-10-07 20:24:00,0.0,0.0016358686269517368,Pinc
2025-10-07 20:24:00,0.0,0.0023846788289846187,P0
2025-10-07 20:24:00,0.0,0.002412082333840994,P1
2025-10-07 20:26:00,0.0,0.0012623234225063256,P0
2025-10-07 20:26:00,0.0,0.0009639961621355136,Pinc
2025-10-07 20:26:00,0.0,0.0012126447383806703,P4
2025-10-07 20:26:00,0.0,0.0013445092105417728,P1
2025-10-07 20:28:00,0.0,0.000998788362451395,P1
2025-10-07 20:28:00,0.0,0.0009659173939224789,P0
2025-10-07 20:28:00,0.0,0.0009269735283965094,P4
2025-10-07 20:28:00,0.0,0.000736364639091929,Pinc
2025-10-07 20:30:00,0.0,0.00020624374321562107,P0
2025-10-07 20:30:00,0.0,0.00020055751792877934,P4
2025-10-07 20:30:00,0.0,0.00026500047221229785,P1
2025-10-07 20:30:00,0.0,0.0001402850805236656,Pinc
2025-10-07 20:32:00,0.0,6.395541586508364e-06,Pinc
2025-10-07 20:32:00,0.0,9.501103728660645e-06,P4
2025-10-07 20:32:00,0.0,4.762309821238357e-05,P1
2025-10-07 20:32:00,0.0,9.743467631694452e-06,P0
2025-10-07 20:34:00,0.0,2.998605316789681e-05,P1
2025-10-07 20:34:00,0.0,4.321254818266421e-06,P4
2025-10-07 20:34:00,0.0,3.3815779869197307e-06,Pinc
2025-10-07 20:34:00,0.0,4.337590645757005e-06,P0
2025-10-07 20:36:00,0.0,2.528934166827947e-06,Pinc
2025-10-07 20:36:00,0.0,2.0479465317543985e-05,P1
2025-10-07 20:36:00,0.0,1.5866592328295859e-06,P0
2025-10-07 20:36:00,0.0,2.571915970590413e-06,P4
2025-10-07 20:38:00,0.0,9.205372466409803e-07,P0
2025-10-07 20:38:00,0.0,1.3992599394556583e-06,Pinc
2025-10-07 20:38:00,0.0,1.5348617034469397e-06,P4
2025-10-07 20:38:00,0.0,1.2433257942906171e-05,P1
2025-10-07 20:40:00,0.0,6.163672921362967e-07,P0
2025-10-07 20:40:00,0.0,9.824248744220272e-06,P1
2025-10-07 20:40:00,0.0,1.2213755972176641e-06,Pinc
2025-10-07 20:40:00,0.0,1.2841550802889018e-06,P4
2025-10-07 20:42:00,0.0,3.6154692918062213e-07,P0
2025-10-07 20:42:00,0.0,5.735195006936788e-06,P1
2025-10-07 20:42:00,0.0,6.544646192640066e-07,Pinc
2025-10-07 20:42:00,0.0,7.142459836006165e-07,P4
2025-10-07 20:44:00,0.0,2.4216686921176314e-07,P0
2025-10-07 20:44:00,0.0,5.059880039268136e-07,Pinc
2025-10-07 20:44:00,0.0,4.214395257766034e-06,P1
2025-10-07 20:44:00,0.0,5.791613761066719e-07,P4
2025-10-07 20:46:00,0.0,1.4224446406159401e-07,P0
2025-10-07 20:46:00,0.0,3.1743950213069026e-07,P4
2025-10-07 20:46:00,0.0,2.992017985179216e-07,Pinc
2025-10-07 20:46:00,0.0,2.518114384639773e-06,P1
2025-10-07 20:48:00,0.0,2.5968646760028003e-07,P4
2025-10-07 20:48:00,0.0,2.3343459574956893e-07,Pinc
2025-10-07 20:48:00,0.0,1.9557704029849244e-06,P1
2025-10-07 20:48:00,0.0,1.1315913392040435e-07,P0
2025-10-07 20:50:00,0.0,1.0626906910390379e-06,P1
2025-10-07 20:50:00,0.0,1.3013521202988628e-07,P4
2025-10-07 20:50:00,0.0,1.2273463016059403e-07,Pinc
2025-10-07 20:50:00,0.0,5.535470911273956e-08,P0
2025-10-07 20:52:00,0.0,4.163927705204487e-08,P0
2025-10-07 20:52:00,0.0,8.960514193525315e-08,Pinc
2025-10-07 20:52:00,0.0,8.917378367403747e-07,P1
2025-10-07 20:52:00,0.0,1.0366096554901601e-07,P4
2025-10-07 20:54:00,0.0,4.631672649679184e-08,P4
2025-10-07 20:54:00,0.0,3.990797518730164e-08,Pinc
2025-10-07 20:54:00,0.0,1.861002784101963e-08,P0
2025-10-07 20:54:00,0.0,4.0245432330429555e-07,P1
2025-10-07 20:56:00,0.0,1.3809333178782465e-08,P0
2025-10-07 20:56:00,0.0,3.3493355057930944e-08,P4
2025-10-07 20:56:00,0.0,3.089933667075635e-08,Pinc
2025-10-07 20:56:00,0.0,3.3122445641484263e-07,P1
2025-10-07 20:58:00,0.0,1.1564509574496746e-07,P1
2025-10-07 20:58:00,0.0,9.260997771406173e-09,Pinc
2025-10-07 20:58:00,0.0,4.3722708109617235e-09,P0
2025-10-07 20:58:00,0.0,1.0182402492642403e-08,P4
2025-10-07 21:00:00,0.0,5.851213420844078e-09,Pinc
2025-10-07 21:00:00,0.0,8.046738938133717e-08,P1
2025-10-07 21:00:00,0.0,2.5294613684892656e-09,P0
2025-10-07 21:00:00,0.0,6.837175160765648e-09,P4
2025-10-07 21:02:00,0.0,4.225550313949585e-09,P1
2025-10-07 21:02:00,0.0,2.347527952194214e-11,P0
2025-10-07 21:02:00,0.0,5.868819880485534e-12,Pinc
2025-10-07 21:02:00,0.0,2.934409940242768e-11,P4
2025-10-07 21:04:00,0.0,0.0,P1
2025-10-07 21:04:00,0.0,0.0,P0
2025-10-07 21:04:00,0.0,0.0,P4
2025-10-07 21:04:00,0.0,0.0,Pinc
2025-10-07 21:06:00,0.0,0.0,Pinc
2025-10-07 21:06:00,0.0,0.0,P1
2025-10-07 21:06:00,0.0,0.0,P0
2025-10-07 21:06:00,0.0,0.0,P4
2025-10-07 21:08:00,0.0,0.0,Pinc
2025-10-07 21:08:00,0.0,0.0,P0
2025-10-07 21:08:00,0.0,0.0,P1
2025-10-07 21:08:00,0.0,0.0,P4
2025-10-07 21:10:00,0.0,0.0,Pinc
2025-10-07 21:10:00,0.0,0.0,P0
2025-10-07 21:10:00,0.0,0.0,P4
2025-10-07 21:10:00,0.0,0.0,P1
2025-10-07 21:12:00,0.0,0.0,P1
2025-10-07 21:12:00,0.0,0.0,Pinc
2025-10-07 21:12:00,0.0,0.0,P4
2025-10-07 21:12:00,0.0,0.0,P0
2025-10-07 21:14:00,0.0,0.0,Pinc
2025-10-07 21:14:00,0.0,0.0,P0
2025-10-07 21:14:00,0.0,0.0,P4
2025-10-07 21:14:00,0.0,0.0,P1
2025-10-07 21:16:00,0.0,0.0,P1
2025-10-07 21:16:00,0.0,0.0,P4
2025-10-07 21:16:00,0.0,0.0,Pinc
2025-10-07 21:16:00,0.0,0.0,P0
2025-10-07 21:18:00,0.0,0.0,P4
2025-10-07 21:18:00,0.0,0.0,P1
2025-10-07 21:18:00,0.0,0.0,P0
2025-10-07 21:18:00,0.0,0.0,Pinc
2025-10-07 21:20:00,0.0,0.0,P0
2025-10-07 21:20:00,0.0,0.0,P4
2025-10-07 21:20:00,0.0,0.0,Pinc
2025-10-07 21:20:00,0.0,0.0,P1
2025-10-07 21:22:00,0.0,0.0,Pinc
2025-10-07 21:22:00,0.0,0.0,P0
2025-10-07 21:22:00,0.0,0.0,P1
2025-10-07 21:22:00,0.0,0.0,P4
2025-10-07 21:24:00,0.0,0.0,P4
2025-10-07 21:24:00,0.0,0.0,P0
2025-10-07 21:24:00,0.0,0.0,Pinc
2025-10-07 21:24:00,0.0,0.0,P1
2025-10-07 21:26:00,0.0,0.0,P1
2025-10-07 21:26:00,0.0,0.0,Pinc
2025-10-07 21:26:00,0.0,0.0,P0
2025-10-07 21:26:00,0.0,0.0,P4
2025-10-07 21:28:00,0.0,0.0,P1
2025-10-07 21:28:00,0.0,0.0,P0
2025-10-07 21:28:00,0.0,0.0,P4
2025-10-07 21:28:00,0.0,0.0,Pinc
2025-10-07 21:30:00,0.0,0.0,P0
2025-10-07 21:30:00,0.0,0.0,Pinc
2025-10-07 21:30:00,0.0,0.0,P4
2025-10-07 21:30:00,0.0,0.0,P1
2025-10-07 21:32:00,0.0,0.0,P1
2025-10-07 21:32:00,0.0,0.0,P0
2025-10-07 21:32:00,0.0,0.0,P4
2025-10-07 21:32:00,0.0,0.0,Pinc
2025-10-07 21:34:00,0.0,0.0,P0
2025-10-07 21:34:00,0.0,0.0,P4
2025-10-07 21:34:00,0.0,0.0,P1
2025-10-07 21:34:00,0.0,0.0,Pinc
2025-10-07 21:36:00,0.0,0.0,Pinc
2025-10-07 21:36:00,0.0,0.0,P0
2025-10-07 21:36:00,0.0,0.0,P1
2025-10-07 21:36:00,0.0,0.0,P4
2025-10-07 21:38:00,0.0,0.0,P0
2025-10-07 21:38:00,0.0,0.0,P1
2025-10-07 21:38:00,0.0,0.0,P4
2025-10-07 21:38:00,0.0,0.0,Pinc
2025-10-07 21:40:00,0.0,0.0,Pinc
2025-10-07 21:40:00,0.0,0.0,P0
2025-10-07 21:40:00,0.0,0.0,P1
2025-10-07 21:40:00,0.0,0.0,P4
2025-10-07 21:42:00,0.0,0.0,P1
2025-10-07 21:42:00,0.0,0.0,P4
2025-10-07 21:42:00,0.0,0.0,P0
2025-10-07 21:42:00,0.0,0.0,Pinc
2025-10-07 21:44:00,0.0,0.0,P0
2025-10-07 21:44:00,0.0,0.0,P4
2025-10-07 21:44:00,0.0,0.0,Pinc
2025-10-07 21:44:00,0.0,0.0,P1
2025-10-07 21:46:00,0.0,0.0,P0
2025-10-07 21:46:00,0.0,0.0,Pinc
2025-10-07 21:46:00,0.0,0.0,P1
2025-10-07 21:46:00,0.0,0.0,P4
2025-10-07 21:48:00,0.0,0.0,P0
2025-10-07 21:48:00,0.0,0.0,Pinc
2025-10-07 21:48:00,0.0,0.0,P1
2025-10-07 21:48:00,0.0,0.0,P4
2025-10-07 21:50:00,0.0,0.0,Pinc
2025-10-07 21:50:00,0.0,0.0,P1
2025-10-07 21:50:00,0.0,0.0,P4
2025-10-07 21:50:00,0.0,0.0,P0
2025-10-07 21:52:00,0.0,0.0,P1
2025-10-07 21:52:00,0.0,0.0,Pinc
2025-10-07 21:52:00,0.0,0.0,P4
2025-10-07 21:52:00,0.0,0.0,P0
2025-10-07 21:54:00,0.0,0.0,Pinc
2025-10-07 21:54:00,0.0,0.0,P4
2025-10-07 21:54:00,0.0,0.0,P0
2025-10-07 21:54:00,0.0,0.0,P1
2025-10-07 21:56:00,0.0,0.0,P4
2025-10-07 21:56:00,0.0,0.0,Pinc
2025-10-07 21:56:00,0.0,0.0,P1
2025-10-07 21:56:00,0.0,0.0,P0
2025-10-07 21:58:00,0.0,0.0,Pinc
2025-10-07 21:58:00,0.0,0.0,P0
2025-10-07 21:58:00,0.0,0.0,P1
2025-10-07 21:58:00,0.0,0.0,P4
