group,a,b,metric,n_rows,n_days,gain,lo,hi,unit,experiment
overall,H,D,rmse,45342,15,0.10730524009484554,-2.7515363647809137,4.138228247511204,E1,E1
overall,H,D,mae,45342,15,-1.569263988718589,-3.5252321376087634,0.4648880285357347,E1,E1
sensor:P0,H,D,rmse,5038,15,-1.659709037666147,-2.8320452578264925,-0.41699856217238346,E1,E1
sensor:P0,H,D,mae,5038,15,-2.138474955430823,-3.4703987206467874,-0.8240114420913981,E1,E1
sensor:P1,H,D,rmse,5038,15,-1.008349816967467,-2.036078730338831,0.27834692179340936,E1,E1
sensor:P1,H,D,mae,5038,15,-1.617875744318411,-2.721759761904541,-0.3534362873329466,E1,E1
sensor:P3,H,D,rmse,5038,15,-1.3597635401987986,-2.6453920879541384,0.03581247761874875,E1,E1
sensor:P3,H,D,mae,5038,15,-1.8363157529273053,-3.2795264717184702,-0.44968091740297716,E1,E1
sensor:P4,H,D,rmse,5038,15,-0.6480331329864555,-1.654726975691867,0.6850510328166757,E1,E1
sensor:P4,H,D,mae,5038,15,-1.1215830627977894,-2.6104701569517705,0.18343987762403552,E1,E1
sensor:P5,H,D,rmse,5038,15,-1.3148202511249565,-2.3859063163221217,0.00464539896854861,E1,E1
sensor:P5,H,D,mae,5038,15,-1.420834421549955,-2.668813386669571,-0.201764728074216,E1,E1
sensor:P6,H,D,rmse,5038,15,-1.1016154275090884,-2.1636063009897697,0.15905621788921304,E1,E1
sensor:P6,H,D,mae,5038,15,-1.7606913977708771,-3.080320751054075,-0.5600208708134862,E1,E1
sensor:P7,H,D,rmse,5038,15,-1.1645808674918072,-2.2635754736574882,0.17154949727695978,E1,E1
sensor:P7,H,D,mae,5038,15,-1.5129653670588041,-2.791829390498988,-0.17782890566981258,E1,E1
sensor:P8,H,D,rmse,5038,15,-1.430182477547973,-2.554015145063893,-0.1846585525964923,E1,E1
sensor:P8,H,D,mae,5038,15,-2.00321424343489,-3.3827366041314333,-0.7062182775926925,E1,E1
sensor:Pinc,H,D,rmse,5038,15,8.064948119950003,-16.936654211093494,35.638014649865625,E1,E1
sensor:Pinc,H,D,mae,5038,15,-0.7114209531782905,-24.88074421963212,23.640166738672306,E1,E1
sky:sunny,H,D,rmse,10116,3,14.20504458960064,3.976585703049409,32.19193650564481,E1,E1
sky:sunny,H,D,mae,10116,3,4.535311754083892,2.6494681519489127,8.135063959156547,E1,E1
sky:mixed,H,D,rmse,13419,4,0.730269770590894,-1.4839652102357959,6.45289676541843,E1,E1
sky:mixed,H,D,mae,13419,4,-1.8305258254043792,-3.204809993559593,-0.2958429984862221,E1,E1
sky:cloudy,H,D,rmse,11565,4,-2.78654534135606,-5.934966070018035,-1.4282427561249165,E1,E1
sky:cloudy,H,D,mae,11565,4,-3.8883515432145828,-5.793973538379397,-2.3742465488233933,E1,E1
sky:rainy,H,D,rmse,10242,4,-5.166293172257554,-12.993310363081036,-2.6502054364167122,E1,E1
sky:rainy,H,D,mae,10242,4,-4.637782643274093,-7.575553372056966,-2.3354544859207493,E1,E1
sky:cloudy+rainy,H,D,rmse,21807,8,-3.740199475202445,-6.926869633929428,-2.4164355814812604,E1,E1
sky:cloudy+rainy,H,D,mae,21807,8,-4.240333628178561,-5.930656148792323,-2.774388775755058,E1,E1
shade:shaded,H,D,rmse,1495,15,5.037999764765967,-8.593519017211147,20.240666329202377,E1,E1
shade:shaded,H,D,mae,1495,15,4.408613825510603,-4.550366419517138,14.292036436467297,E1,E1
shade:unshaded,H,D,rmse,43755,15,0.06077759155965623,-2.737351986386086,4.014421249964411,E1,E1
shade:unshaded,H,D,mae,43755,15,-1.7830639102616601,-3.581042058693838,0.0312556393106748,E1,E1
horizontals,H,D,rmse,40304,15,-1.2127952455960411,-2.2734738838467634,0.05484369880105826,E1,E1
horizontals,H,D,mae,40304,15,-1.6764943681611442,-2.8467370551352653,-0.5315777036183409,E1,E1
overall,H,D,rmse,1495,15,6.8151409552023665,-7.572164798327153,22.46108436248909,E3,E3
overall,H,D,mae,1495,15,6.489066068126878,-3.375411336963039,17.24421549296928,E3,E3
sensor:P0,H,D,rmse,52,7,-7.445738402755474,-11.732396897461513,-1.4363329909622724,E3,E3
sensor:P0,H,D,mae,52,7,-6.841498202510314,-10.407008074093046,-2.138946819317245,E3,E3
sensor:P1,H,D,rmse,193,8,20.08370617906539,-15.158839794636465,48.954611841579805,E3,E3
sensor:P1,H,D,mae,193,8,11.902426842781601,-10.889009878262046,35.92755786723297,E3,E3
sensor:P3,H,D,rmse,256,15,5.390647989793628,-4.200449186128652,15.751591661576883,E3,E3
sensor:P3,H,D,mae,256,15,6.242954413501607,-2.1076342017795326,15.41292392743575,E3,E3
sensor:P4,H,D,rmse,29,7,2.0408767833113686,-3.7708688299924127,6.131792684593387,E3,E3
sensor:P4,H,D,mae,29,7,1.096072484585406,-4.245059295060633,6.358561495153194,E3,E3
sensor:P5,H,D,rmse,407,15,0.9379071875393095,-14.975505765462612,20.69839863544876,E3,E3
sensor:P5,H,D,mae,407,15,4.361202491176957,-7.376759285700243,17.74863381432299,E3,E3
sensor:P6,H,D,rmse,42,10,3.993551297802341,-0.2661952061173131,6.9716645436523175,E3,E3
sensor:P6,H,D,mae,42,10,3.173514604053908,-1.5932508440391107,7.149895869509091,E3,E3
sensor:P7,H,D,rmse,408,15,9.268297895109772,-4.797799295111476,22.973679377332505,E3,E3
sensor:P7,H,D,mae,408,15,8.459310634669926,-2.875897839022865,19.903949886496253,E3,E3
sensor:P8,H,D,rmse,15,6,4.024034579576904,0.891482407840149,6.18592635477935,E3,E3
sensor:P8,H,D,mae,15,6,3.1398499352753415,0.28362972848317725,5.469411212017917,E3,E3
sensor:Pinc,H,D,rmse,93,12,8.795710768872091,4.90125388792664,12.1146780056959,E3,E3
sensor:Pinc,H,D,mae,93,12,7.773842479142306,3.4538049344283195,11.426734173473909,E3,E3
sky:sunny,H,D,rmse,291,3,42.382384583586514,23.664110090886354,57.17727524141182,E3,E3
sky:sunny,H,D,mae,291,3,33.90927462662033,22.08480154247231,47.93220080976198,E3,E3
sky:mixed,H,D,rmse,381,4,-0.4453027417873159,-12.927992943364947,9.608139433190594,E3,E3
sky:mixed,H,D,mae,381,4,-0.3121055407547466,-12.106871916127485,10.058486496144347,E3,E3
sky:cloudy,H,D,rmse,428,4,-4.73873688586615,-21.873650310304864,16.423392681962845,E3,E3
sky:cloudy,H,D,mae,428,4,-1.962563801342748,-18.042428975478433,14.37806543268483,E3,E3
sky:rainy,H,D,rmse,395,4,-8.068683930400042,-19.678729403651243,6.83928130664038,E3,E3
sky:rainy,H,D,mae,395,4,2.006188287355503,-13.714352587264838,14.713581826352367,E3,E3
sky:cloudy+rainy,H,D,rmse,823,8,-6.534348536269015,-16.20924264782673,4.87392954048676,E3,E3
sky:cloudy+rainy,H,D,mae,823,8,-0.05775569072815401,-11.235051444880778,10.212724053663823,E3,E3
shade:shaded,H,D,rmse,1495,15,6.8151409552023665,-7.572164798327153,22.46108436248909,E3,E3
shade:shaded,H,D,mae,1495,15,6.489066068126878,-3.375411336963039,17.24421549296928,E3,E3
horizontals,H,D,rmse,1402,15,6.807623516514447,-8.072825791246153,23.139678103341115,E3,E3
horizontals,H,D,mae,1402,15,6.40384195527065,-4.108290481248911,17.8477247339002,E3,E3
overall,H,D,rmse,5038,15,-1.7606459654949305,-3.001736838088534,-0.4325614799002293,E2:P0,E2
overall,H,D,mae,5038,15,-2.296958632981756,-3.673345697015033,-0.8827457399024063,E2:P0,E2
overall,H,D,rmse,5038,15,-1.1160016298771467,-2.225344983391012,0.2785664239672699,E2:P1,E2
overall,H,D,mae,5038,15,-1.7054920149417683,-2.9302693022050246,-0.29320635924631916,E2:P1,E2
overall,H,D,rmse,5038,15,-1.4082488515567206,-2.8119816304244667,0.10116321483073566,E2:P3,E2
overall,H,D,mae,5038,15,-1.9055387272050623,-3.46249697280068,-0.4013232662715721,E2:P3,E2
overall,H,D,rmse,5038,15,-0.42495773109887125,-1.4668393072113155,0.9059516697799612,E2:P4,E2
overall,H,D,mae,5038,15,-0.9520729928057179,-2.5237712963071384,0.5038251907176513,E2:P4,E2
overall,H,D,rmse,5038,15,-1.4408230696759432,-2.702909875889003,0.06801831259628842,E2:P5,E2
overall,H,D,mae,5038,15,-1.4783145552593169,-2.8612955282447317,-0.08639737911050925,E2:P5,E2
overall,H,D,rmse,5038,15,-1.0581273059289913,-2.1403681349970136,0.1747767673009504,E2:P6,E2
overall,H,D,mae,5038,15,-1.7981073446711022,-3.161032343405732,-0.5690151648979956,E2:P6,E2
overall,H,D,rmse,5038,15,-1.3544176052749748,-2.631368844671523,0.2018336973746091,E2:P7,E2
overall,H,D,mae,5038,15,-1.657584978809865,-3.0580578110300474,-0.15617596741580714,E2:P7,E2
overall,H,D,rmse,5038,15,-1.3898149410244969,-2.509160166382022,-0.1750355614706292,E2:P8,E2
overall,H,D,mae,5038,15,-2.058684288092799,-3.4416943305706464,-0.7572123465841252,E2:P8,E2
overall,H,D,rmse,5038,15,4.517628028108874,-21.71681005475376,33.14736466689922,E2:Pinc,E2
overall,H,D,mae,5038,15,-4.25301271914519,-29.280665532921894,21.087559927152927,E2:Pinc,E2
overall,H,D,rmse,20152,15,-1.3297008497578418,-2.5590924850333616,0.10677535037926938,E2:shaded,E2
overall,H,D,mae,20152,15,-1.6867325690540156,-2.950437888025257,-0.31642206679781804,E2:shaded,E2
sensor:P1,H,D,rmse,5038,15,-1.1160016298771467,-2.225344983391012,0.2785664239672699,E2:shaded,E2
sensor:P1,H,D,mae,5038,15,-1.7054920149417683,-2.9302693022050246,-0.29320635924631916,E2:shaded,E2
sensor:P3,H,D,rmse,5038,15,-1.4082488515567206,-2.8119816304244667,0.10116321483073566,E2:shaded,E2
sensor:P3,H,D,mae,5038,15,-1.9055387272050623,-3.46249697280068,-0.4013232662715721,E2:shaded,E2
sensor:P5,H,D,rmse,5038,15,-1.4408230696759432,-2.702909875889003,0.06801831259628842,E2:shaded,E2
sensor:P5,H,D,mae,5038,15,-1.4783145552593169,-2.8612955282447317,-0.08639737911050925,E2:shaded,E2
sensor:P7,H,D,rmse,5038,15,-1.3544176052749748,-2.631368844671523,0.2018336973746091,E2:shaded,E2
sensor:P7,H,D,mae,5038,15,-1.657584978809865,-3.0580578110300474,-0.15617596741580714,E2:shaded,E2
sky:sunny,H,D,rmse,4496,3,-1.3808893734755685,-5.342940811133161,0.8302507511307162,E2:shaded,E2
sky:sunny,H,D,mae,4496,3,-3.3918639967561433,-6.896060453956345,-0.8671951777725866,E2:shaded,E2
sky:mixed,H,D,rmse,5964,4,-3.649401675080412,-5.509262401928382,-2.329180628804025,E2:shaded,E2
sky:mixed,H,D,mae,5964,4,-3.77863804460155,-4.575824628850455,-2.79857150563285,E2:shaded,E2
sky:cloudy,H,D,rmse,5140,4,-0.5508667992146314,-1.3618657424987077,0.761613206675861,E2:shaded,E2
sky:cloudy,H,D,mae,5140,4,-0.5005920267527841,-1.8946597169110622,1.2039557711520814,E2:shaded,E2
sky:rainy,H,D,rmse,4552,4,1.5022315730567186,0.32714290659212963,2.0321238844321954,E2:shaded,E2
sky:rainy,H,D,mae,4552,4,1.398863381667958,0.1854651170332957,2.4717049011591823,E2:shaded,E2
sky:cloudy+rainy,H,D,rmse,9692,8,0.2847601466334879,-0.7366497724429095,1.5028350135710014,E2:shaded,E2
sky:cloudy+rainy,H,D,mae,9692,8,0.3915170342388592,-0.7835080437864154,1.542794771706862,E2:shaded,E2
shade:shaded,H,D,rmse,1264,15,5.587325946626059,-9.629894777195517,22.3612780116297,E2:shaded,E2
shade:shaded,H,D,mae,1264,15,5.2126902392502075,-5.339355487904829,16.62029437340071,E2:shaded,E2
shade:unshaded,H,D,rmse,18829,15,-1.4972556158835033,-2.9366023507498342,0.1252756992179953,E2:shaded,E2
shade:unshaded,H,D,mae,18829,15,-2.170864319449109,-3.983380339361064,-0.4874993208978154,E2:shaded,E2
horizontals,H,D,rmse,20152,15,-1.3297008497578418,-2.5590924850333616,0.10677535037926938,E2:shaded,E2
horizontals,H,D,mae,20152,15,-1.6867325690540156,-2.950437888025257,-0.31642206679781804,E2:shaded,E2
overall,H,D,rmse,20152,15,-1.1634683650543565,-2.245679495242759,0.07728873419568327,E2:open,E2
overall,H,D,mae,20152,15,-1.7764558146378633,-3.088539157157846,-0.5777772935112132,E2:open,E2
sensor:P0,H,D,rmse,5038,15,-1.7606459654949305,-3.001736838088534,-0.4325614799002293,E2:open,E2
sensor:P0,H,D,mae,5038,15,-2.296958632981756,-3.673345697015033,-0.8827457399024063,E2:open,E2
sensor:P4,H,D,rmse,5038,15,-0.42495773109887125,-1.4668393072113155,0.9059516697799612,E2:open,E2
sensor:P4,H,D,mae,5038,15,-0.9520729928057179,-2.5237712963071384,0.5038251907176513,E2:open,E2
sensor:P6,H,D,rmse,5038,15,-1.0581273059289913,-2.1403681349970136,0.1747767673009504,E2:open,E2
sensor:P6,H,D,mae,5038,15,-1.7981073446711022,-3.161032343405732,-0.5690151648979956,E2:open,E2
sensor:P8,H,D,rmse,5038,15,-1.3898149410244969,-2.509160166382022,-0.1750355614706292,E2:open,E2
sensor:P8,H,D,mae,5038,15,-2.058684288092799,-3.4416943305706464,-0.7572123465841252,E2:open,E2
sky:sunny,H,D,rmse,4496,3,-2.0797402457813305,-8.755975451250997,0.23890482940123547,E2:open,E2
sky:sunny,H,D,mae,4496,3,-3.7444968461237274,-8.657643412757263,-0.954612067458612,E2:open,E2
sky:mixed,H,D,rmse,5964,4,-2.9520590118668224,-4.635313437942372,-1.8453660582574827,E2:open,E2
sky:mixed,H,D,mae,5964,4,-3.1980424132888174,-4.091827648869355,-1.8577033779680576,E2:open,E2
sky:cloudy,H,D,rmse,5140,4,-0.5810584290191514,-1.227074495488523,0.38970371465612175,E2:open,E2
sky:cloudy,H,D,mae,5140,4,-0.7527719982202257,-1.229652199330701,-0.10864875683040509,E2:open,E2
sky:rainy,H,D,rmse,4552,4,1.425110538689026,1.2237331843971688,1.7138886619008673,E2:open,E2
sky:rainy,H,D,mae,4552,4,0.8740099444851026,0.7463138703113472,0.9528600094416646,E2:open,E2
sky:cloudy+rainy,H,D,rmse,9692,8,0.23780680973793267,-0.6825955381775408,1.3270837365542674,E2:open,E2
sky:cloudy+rainy,H,D,mae,9692,8,0.011271687623221283,-0.6339871087780213,0.692445358579044,E2:open,E2
shade:shaded,H,D,rmse,138,12,-1.8158709939371462,-4.4690038589055225,1.3547115102416927,E2:open,E2
shade:shaded,H,D,mae,138,12,-1.641442986952928,-3.869375392739563,0.9746164046307283,E2:open,E2
shade:unshaded,H,D,rmse,19990,15,-1.166251224533056,-2.252445687434654,0.08075254341987896,E2:open,E2
shade:unshaded,H,D,mae,19990,15,-1.776253547805112,-3.095810828056682,-0.5689715236507326,E2:open,E2
horizontals,H,D,rmse,20152,15,-1.1634683650543565,-2.245679495242759,0.07728873419568327,E2:open,E2
horizontals,H,D,mae,20152,15,-1.7764558146378633,-3.088539157157846,-0.5777772935112132,E2:open,E2
overall,H,D,rmse,5038,15,4.517628028108874,-21.71681005475376,33.14736466689922,E2:tilted,E2
overall,H,D,mae,5038,15,-4.25301271914519,-29.280665532921894,21.087559927152927,E2:tilted,E2
sensor:Pinc,H,D,rmse,5038,15,4.517628028108874,-21.71681005475376,33.14736466689922,E2:tilted,E2
sensor:Pinc,H,D,mae,5038,15,-4.25301271914519,-29.280665532921894,21.087559927152927,E2:tilted,E2
sky:sunny,H,D,rmse,1124,3,80.75762565138817,24.53747210897062,153.54710220336733,E2:tilted,E2
sky:sunny,H,D,mae,1124,3,64.62892869330662,31.95288815576921,134.68643496354133,E2:tilted,E2
sky:mixed,H,D,rmse,1491,4,26.1864795037244,1.5814345484876071,64.02266547017047,E2:tilted,E2
sky:mixed,H,D,mae,1491,4,8.362247785825602,-8.381785034311335,27.030063100190972,E2:tilted,E2
sky:cloudy,H,D,rmse,1285,4,-21.44977389300152,-38.86786354844837,-12.78842824126076,E2:tilted,E2
sky:cloudy,H,D,mae,1285,4,-35.15683136674065,-50.8071742841339,-22.68033421581174,E2:tilted,E2
sky:rainy,H,D,rmse,1138,4,-49.19625790472875,-79.82713591676075,-37.447655864194076,E2:tilted,E2
sky:rainy,H,D,mae,1138,4,-53.92019074932715,-77.90924300711377,-33.82660228869089,E2:tilted,E2
sky:cloudy+rainy,H,D,rmse,2423,8,-32.94503452806413,-49.55784063875593,-22.443898072012566,E2:tilted,E2
sky:cloudy+rainy,H,D,mae,2423,8,-43.96933775443499,-59.75749694311515,-30.383866402397263,E2:tilted,E2
shade:shaded,H,D,rmse,93,12,5.706322639817264,2.690824186834672,8.592908473929379,E2:tilted,E2
shade:shaded,H,D,mae,93,12,4.854480417648386,1.7805246525451208,7.622583943116755,E2:tilted,E2
shade:unshaded,H,D,rmse,4936,15,4.553049741323008,-22.020762744616658,33.465616912181744,E2:tilted,E2
shade:unshaded,H,D,mae,4936,15,-4.44247581068214,-30.120357690320102,21.405567612886262,E2:tilted,E2
overall,H,D,rmse,12690,4,0.47804859885891915,-0.7695660865801244,2.60962027014952,E4:2025-04,E4
overall,H,D,mae,12690,4,2.3937856830700355,0.6033697124029505,4.3214340487859175,E4:2025-04,E4
overall,H,D,rmse,17782,5,1.5314456695478498,0.34489596760232644,2.6079494851922647,E4:2025-05,E4
overall,H,D,mae,17782,5,2.28453267729013,1.0392554726074081,3.157184600814901,E4:2025-05,E4
overall,H,D,rmse,18729,5,2.3256347621120312,1.7155809527496757,2.857099300072959,E4:2025-06,E4
overall,H,D,mae,18729,5,1.5527566654991958,0.1284314802977775,2.78997105224002,E4:2025-06,E4
overall,H,D,rmse,19073,6,4.373631555229977,1.908683675323942,5.974556488709226,E4:2025-07,E4
overall,H,D,mae,19073,6,1.0822186114535484,-1.7118054525443895,3.7869780142208285,E4:2025-07,E4
overall,H,D,rmse,17694,5,4.079422934168008,2.8159028929458145,6.697005444491843,E4:2025-08,E4
overall,H,D,mae,17694,5,2.7534121179981526,1.7240978872533788,3.7322428398924474,E4:2025-08,E4
overall,H,D,rmse,15396,5,10.923642424424969,2.646975256166836,19.97239212071662,E4:2025-09,E4
overall,H,D,mae,15396,5,2.1413472415648442,-0.2920089345647696,4.451091665525077,E4:2025-09,E4
overall,H,D,rmse,13041,5,7.0372751803119655,-6.6013437358466405,16.886724737093488,E4:2025-10,E4
overall,H,D,mae,13041,5,0.5933099327835407,-4.213772814778203,6.258404457619349,E4:2025-10,E4
overall,H,D,rmse,9655,4,-1.431713049392073,-10.6240244250844,11.108935480624396,E4:2025-11,E4
overall,H,D,mae,9655,4,-2.573074889253803,-6.610145771975425,5.037113534460403,E4:2025-11,E4
overall,H,D,rmse,8766,4,-11.153291882977697,-16.59252355316758,-7.132384422750235,E4:2025-12,E4
overall,H,D,mae,8766,4,-7.903703924445388,-9.15668043817147,-6.7383883752637885,E4:2025-12,E4
overall,H,D,rmse,132826,43,2.7019602395983924,0.8266856102126081,4.851816115927314,E4:pooled,E4
overall,H,D,mae,132826,43,0.8734806428944779,-0.34523685259254966,1.9424561869596824,E4:pooled,E4
sensor:P0,H,D,rmse,14933,43,-1.3295976410120858,-2.507259416214347,-0.36936355848198305,E4:pooled,E4
sensor:P0,H,D,mae,14933,43,-2.9709497149689383,-4.4416118590216,-1.5982551482109795,E4:pooled,E4
sensor:P1,H,D,rmse,13442,39,-0.5727100263602125,-1.6468514854723455,0.4018063145393087,E4:pooled,E4
sensor:P1,H,D,mae,13442,39,-1.2955718147237931,-2.6141014298825827,-0.041259120823071156,E4:pooled,E4
sensor:P3,H,D,rmse,14929,43,-0.7948863116113216,-1.9916316052879115,0.1274050344235344,E4:pooled,E4
sensor:P3,H,D,mae,14929,43,-1.773753625077994,-3.1760306548325996,-0.49253583546551677,E4:pooled,E4
sensor:P4,H,D,rmse,14914,43,0.23926121134128664,-0.6209341974343981,1.0057184785896571,E4:pooled,E4
sensor:P4,H,D,mae,14914,43,-0.49614736292542005,-1.7352443389691738,0.5872851883733546,E4:pooled,E4
sensor:P5,H,D,rmse,14933,43,-0.37736090592804317,-1.3318938685449198,0.4884246918508422,E4:pooled,E4
sensor:P5,H,D,mae,14933,43,-1.131610491546084,-2.464452030297877,0.07471830475919986,E4:pooled,E4
sensor:P6,H,D,rmse,14926,43,-0.5084628924777093,-1.5023150796208757,0.29883060382346827,E4:pooled,E4
sensor:P6,H,D,mae,14926,43,-1.5984457644086447,-2.8306212702936726,-0.47478390993055514,E4:pooled,E4
sensor:P7,H,D,rmse,14913,43,-0.2755136970508687,-1.227671913462642,0.5661096040431314,E4:pooled,E4
sensor:P7,H,D,mae,14913,43,-1.3281790822631905,-2.624117742448349,-0.12127504069062768,E4:pooled,E4
sensor:P8,H,D,rmse,14906,43,-1.0416179889153767,-2.146252113457101,-0.1506163024718938,E4:pooled,E4
sensor:P8,H,D,mae,14906,43,-2.3776807582757726,-3.690922803655284,-1.1252252904403655,E4:pooled,E4
sensor:Pinc,H,D,rmse,14930,43,22.37744150525303,7.42300759155667,38.63985824835301,E4:pooled,E4
sensor:Pinc,H,D,mae,14930,43,20.60862042372291,7.087645990428207,34.80439351707586,E4:pooled,E4
sky:sunny,H,D,rmse,39678,12,8.895226237964607,4.595409052139929,13.371455345448924,E4:pooled,E4
sky:sunny,H,D,mae,39678,12,1.907994699834596,0.2896964335930868,3.492293749692486,E4:pooled,E4
sky:mixed,H,D,rmse,53341,16,4.853266893565362,2.6468237086638715,7.834896034781751,E4:pooled,E4
sky:mixed,H,D,mae,53341,16,3.0191261225106274,1.860839017674739,4.360266555985344,E4:pooled,E4
sky:cloudy,H,D,rmse,17298,6,-1.2881266518684669,-3.525238296748242,0.642449569484711,E4:pooled,E4
sky:cloudy,H,D,mae,17298,6,-1.336272628274628,-4.07365007683341,1.4291158525642516,E4:pooled,E4
sky:rainy,H,D,rmse,22509,9,-5.748748385106694,-11.813313745680109,-2.3462117833802516,E4:pooled,E4
sky:rainy,H,D,mae,22509,9,-4.33661363916098,-7.171981530506186,-1.1746415641344705,E4:pooled,E4
sky:cloudy+rainy,H,D,rmse,39807,15,-3.7926013016966778,-7.046734558993967,-1.6234167564091795,E4:pooled,E4
sky:cloudy+rainy,H,D,mae,39807,15,-3.0328253907043745,-5.256578930603061,-0.8722243319373774,E4:pooled,E4
shade:shaded,H,D,rmse,4032,43,14.39434583562458,7.955582642246366,20.864763416031384,E4:pooled,E4
shade:shaded,H,D,mae,4032,43,10.52426951331855,5.881856094480503,14.986224331738226,E4:pooled,E4
shade:unshaded,H,D,rmse,128526,43,2.618800946928175,0.7443859957612862,4.7431460604992735,E4:pooled,E4
shade:unshaded,H,D,mae,128526,43,0.5662876520140259,-0.6713227465386776,1.629188389371801,E4:pooled,E4
horizontals,H,D,rmse,117896,43,-0.587392185432762,-1.6147604635811945,0.27123934898106683,E4:pooled,E4
horizontals,H,D,mae,117896,43,-1.625718964622017,-2.8966888019334194,-0.4663498946343126,E4:pooled,E4
