group,model,n_rows,n_days,r2,mae,rmse,mbe,p90,p95,p99,max_abs,r2_lo,r2_hi,mae_lo,mae_hi,rmse_lo,rmse_hi,mbe_lo,mbe_hi,unit,experiment
overall,D,45342,15,0.8653742486886189,66.85156672500337,107.58795237835095,0.04883887081892564,162.13925949428213,238.8801732387139,404.7494217180693,977.6612256878626,0.7657872136191898,0.9298530456006956,49.251388192640064,85.94518158718768,77.87025554662395,133.3474288378267,-15.798351802507062,17.244061350329616,E1,E1
overall,H,45342,15,0.8656426587513465,68.42083071372195,107.48064713825612,-0.45557676652684687,164.5396351543835,231.95439489058694,400.1035087635841,879.336030123262,0.7628961939787057,0.9315413575098485,50.42936780823537,87.95794237680096,76.48908496805757,134.0581526112897,-16.77527896799377,18.16485978149434,E1,E1
sensor:P0,D,5038,15,0.8765528856949314,64.97969156198951,103.53794651089348,-2.5071073669207915,159.2148787208036,226.98760038305736,392.82158665892155,797.5889942836559,0.7766942704360134,0.9405817682025979,46.500568243964054,84.90658542050934,71.56801582707892,130.25620624311188,-18.65538468085264,16.030350101805027,E1,E1
sensor:P0,H,5038,15,0.872563460413277,67.11816651742036,105.19765554855964,-6.989948397316849,160.40161756500095,229.38705439499117,396.3155914989843,802.8535207884319,0.7699650637374822,0.9372079941041713,48.64883567811784,87.09662629379777,73.27826172420536,132.26242742636424,-23.955387614716052,12.991336750560832,E1,E1
sensor:P1,D,5038,15,0.8717752622884353,64.32018753035031,103.50356499082125,1.3368391108625477,156.8418664033455,225.053846204432,384.3762266231273,860.9528923545294,0.7697229621694076,0.9378175997407414,46.08509939010126,84.04598756859238,71.13972572008772,130.68075842200133,-14.15720564594658,17.24129330884036,E1,E1
sensor:P1,H,5038,15,0.8692647168795076,65.93806327466875,104.5119148077887,-5.015902478477241,155.4192167874541,227.6042011625315,390.210833907516,873.1595938575971,0.7658217282406898,0.9370270615586114,47.865783623869795,85.70843565833853,71.45608350280895,132.25392879842693,-21.09313641300911,12.055986513891519,E1,E1
sensor:P3,D,5038,15,0.875077001610205,63.65198893105543,102.86893646927949,1.2697350078426013,155.36820169217498,225.48225333213006,385.44954679792295,838.4112256878628,0.7738361733962977,0.940413151899446,45.549019172345254,83.32512144824257,70.56349107716277,129.9613649461764,-14.083842302597422,17.717490450378964,E1,E1
sensor:P3,H,5038,15,0.8717526080332272,65.48830468398273,104.22870000947827,-5.041681856848475,154.6778252439523,226.8308507760693,391.5228180244714,850.4761680966382,0.7678207453839343,0.9380471154312919,47.595157955534695,85.2447823319775,71.68721640243564,131.5576700215964,-21.298374425809026,12.924228351130028,E1,E1
sensor:P4,D,5038,15,0.8738601902054542,61.53581389167943,101.12852179994188,5.975972206581461,154.19255383129672,217.86063926503212,381.0095699553233,851.7685128388348,0.7715670594933849,0.9407661414856348,42.10649771092073,81.86341479925878,68.50688860131389,128.45204423014712,-8.868361419099958,21.317506420190476,E1,E1
sensor:P4,H,5038,15,0.8722383988618597,62.65739695447722,101.77655493292833,1.5380293527070878,153.32297088819016,222.38353878142885,384.31940561665203,863.3175398523952,0.7666668982143403,0.940943060433225,43.16521843669553,83.30572519840452,68.52824469407597,129.6464816150076,-13.833654666789563,17.641610025627873,E1,E1
sensor:P5,D,5038,15,0.8727918636931602,65.18462424232715,103.36164314033273,2.598728354063497,155.76173803334936,223.7093401154679,392.1843875544339,791.8889942836558,0.7719431385551492,0.938111629797974,47.6622623832954,84.14562774892099,71.55763490608436,130.41622240373437,-12.345250393865365,18.823506074145502,E1,E1
sensor:P5,H,5038,15,0.8695349566940218,66.6054586638771,104.67646339145769,-6.020998598181191,155.7013105397496,226.53978364180446,394.5424673448332,803.80545802268,0.7669389163430845,0.9364741580645014,48.71249310264711,85.84015637290274,72.28947751770761,132.18855291245285,-21.687235584011216,11.150557483943091,E1,E1
sensor:P6,D,5038,15,0.8745373246214035,63.19650031186039,101.91121931534474,0.5916585339715567,153.67218269546356,221.34530761748292,386.52679564853446,830.7726795055016,0.773562344660987,0.9401879782662743,44.676366684540746,83.06496617899289,69.88954864186448,128.8934030436098,-14.472676716271975,16.590176309851262,E1,E1
sensor:P6,H,5038,15,0.8718102721321545,64.95719170963126,103.0128347428538,-3.8251297582832615,154.77410786049828,224.5504356115517,385.95359822835934,842.2720808577895,0.7684004086982549,0.938665769208094,46.556833050019975,84.76226341563519,70.53960519926098,130.51456420107166,-19.151150893351613,13.219326114424387,E1,E1
sensor:P7,D,5038,15,0.8763491388248658,63.302111722132494,102.07392286235707,3.284015389981822,154.56978600188668,225.61012934474294,383.97112257719454,776.563994283656,0.7763884497920547,0.9412470049087974,44.94561317772378,82.78719540971447,70.18261995084758,129.18472827723522,-11.128744411548157,18.831224524830056,E1,E1
sensor:P7,H,5038,15,0.8735115306876355,64.8150770891913,103.23850372984883,-5.176359325630021,155.39413665524563,227.75917262301834,387.81646585281317,782.4974138765587,0.7708538000532232,0.9394116899470664,46.804818582856015,84.37836469374555,70.92814316636765,130.63015225088117,-20.614416324177355,11.962882998852006,E1,E1
sensor:P8,D,5038,15,0.8759493257733405,63.804943280669825,102.63820661987734,-1.4039141714383419,156.69340149699175,225.72693242542167,384.7526473620778,785.7056609503227,0.7752465832435195,0.9409508992309251,45.072980545705875,83.88294618667953,70.68516723114296,129.6535059677393,-16.655286393535633,15.60682669870903,E1,E1
sensor:P8,H,5038,15,0.8724681431561321,65.80815752410473,104.0683890974253,-5.552254313786947,157.6265659617125,227.83992673379583,390.48278235652407,797.0955012529673,0.769874711834541,0.9380899778898564,47.3147816944588,85.97248430264743,71.9460671786106,131.40648990032028,-21.4700481827194,12.615616683480484,E1,E1
sensor:Pinc,D,5038,15,0.8038692192589544,91.6882390529658,141.10706589596492,-10.706377227574032,243.50817674322883,304.45941846996004,512.3304093807205,977.6612256878626,0.7035564769617139,0.8847390145036702,69.89369548421809,116.0886463829765,106.92801586259186,170.63697742684897,-47.56311964467052,18.536965578229776,E1,E1
sensor:Pinc,H,5038,15,0.825648160803522,92.39966000614409,133.04211777601492,31.984054477075286,204.90226416572395,275.05624810809115,443.66020062113364,879.336030123262,0.7068224279117362,0.8966461265145981,70.313200492742,114.51783285750784,104.26312976143795,157.61488460211,4.930784453069624,62.760030903177125,E1,E1
sky:sunny,D,10116,3,0.9455173145871322,39.05257902034419,64.85570702894242,-12.604524671083437,83.31722142610639,140.149440317004,295.4727981016759,406.16385217230516,0.8617128813760252,0.9859457075356834,22.021251343564277,52.74246902570822,33.718219909089996,84.61364613975927,-46.41716114088098,5.486922219839944,E1,E1
sky:sunny,H,10116,3,0.9667698448859186,34.51726726626028,50.65066243934181,-18.859062242133106,63.0200113473706,89.86700643359582,206.98707689105797,380.9978677670841,0.9469209344068024,0.9931905833923607,19.371783191615364,44.60740506655167,23.47010854806493,65.80669195263856,-41.944616934212135,-3.2664362319438456,E1,E1
sky:mixed,D,13419,4,0.8222305295879042,85.4314735902706,129.0675673907032,-31.574251851614104,199.59311528113324,263.3639954455658,459.6844926719882,977.6612256878626,0.661043803332929,0.9212536160180216,60.60030305613253,119.7621972615986,84.94458482460128,171.96407998692112,-53.997004247701824,-13.275537959557111,E1,E1
sky:mixed,H,13419,4,0.824236492981999,87.26199941567498,128.33729762011237,-35.63474231908238,202.92429914917324,262.6442848358917,408.4212693989306,879.336030123262,0.6551706270263933,0.9242054274768048,62.36448211755876,122.9670072551582,84.30589432705317,173.4475133124538,-55.61348159492427,-21.437421591515026,E1,E1
sky:cloudy,D,11565,4,0.6200681024686341,73.63664155908361,120.73868212178029,19.52515808075838,202.37729629541067,290.89486501921857,434.2919986576932,814.82722521234,0.5062872454198333,0.8334823223201402,33.67290881090103,110.72205254671813,47.29921926452437,163.4116542930822,3.9111473114156143,31.992284356119644,E1,E1
sky:cloudy,H,11565,4,0.602328727556779,77.52499310229827,123.52522746313628,23.558071734190406,203.53604958164712,297.59158104952417,435.1550162343142,765.3776872946053,0.489419604210674,0.7916123521265807,38.95192768735143,113.01030636619497,52.912683284036376,165.52036049305585,10.695530783380377,33.812125359311715,E1,E1
sky:rainy,D,10242,4,0.6411152561730242,62.30376345798258,93.82336877193575,31.986746343115676,139.31596732622864,169.81050018646067,357.8850910176091,684.7451423647399,0.4207363142170644,0.6703026176570965,35.94821032301155,86.76006078447867,47.597377853769004,128.15321650691052,19.77767453568468,43.3978248002283,E1,E1
sky:rainy,H,10242,4,0.6005038169542858,66.94154610125656,98.98966194419339,36.697424279184986,147.76702238190154,193.32071870547057,356.73504992968554,696.6925396660329,0.2376148588248258,0.6457334078184525,43.52376369506851,89.26309599103033,60.59068821685004,130.87569971785982,26.8534133170573,44.41216641251381,E1,E1
sky:cloudy+rainy,D,21807,8,0.6472952270819808,68.31397739108817,108.92891100160881,25.377938700883263,160.1885119832024,247.78926931765642,417.79677583028655,814.82722521234,0.554159929466394,0.7613214221972107,42.003759521731574,93.22793070680896,64.67362375070749,141.54883631913,13.62875416441378,35.84879344657973,E1,E1
sky:cloudy+rainy,H,21807,8,0.622658350016868,72.55431101926669,112.6691104768112,29.72917499304465,171.22190989834596,243.13195988862924,425.0601240971082,765.3776872946053,0.53034816268838,0.7156999467773714,48.28933450110739,96.52242302232824,71.43371192921838,144.28726258699544,20.056317025052994,38.28667145179493,E1,E1
shade:shaded,D,1495,15,-0.12259343660940014,21.7427568107823,31.219775143735923,15.78019893657452,44.03626628068869,60.625759286849,121.5500282416484,177.41232478596518,-1.9563240622884153,0.5610270005149269,15.268557215495841,30.912330575428424,20.668489639708014,43.81139068539709,6.519510655657197,26.55648999724275,E1,E1
shade:shaded,H,1495,15,0.2104836242464152,17.334142985271697,26.181775378969956,-8.323742680649065,38.638677522792015,56.78390607302893,86.22587717825535,207.1188356593751,-0.08602886593294974,0.41878017547989854,13.021044876877752,21.481737573115563,19.676590056139528,32.141700654749805,-16.06912434405453,-0.106454142592868,E1,E1
shade:unshaded,D,43755,15,0.8601044337443761,68.47026870927705,109.35048803741218,-0.5272008965155901,165.98185908850746,243.47419275678257,407.25669580112344,977.6612256878626,0.7567700277381099,0.9269587407024767,50.321801181396886,88.1730305499315,78.8494528580453,135.50657524351928,-17.23620096970912,17.37773824065522,E1,E1
shade:unshaded,H,43755,15,0.8602598999497385,70.2533326195387,109.28971044585258,-0.21345091278234493,168.04017842864104,235.40181258040704,402.8248989044903,879.336030123262,0.7549874113530642,0.9285198427089127,51.70272770272035,90.3649053796353,77.74645359611512,136.36835971564204,-17.273178522743198,19.1401231760979,E1,E1
horizontals,D,40304,15,0.8746374513291866,63.74698268400807,102.63119861117319,1.3932408831180443,155.87773270724796,224.24098470188656,387.61643469877305,860.9528923545294,0.7734988337347332,0.9401693429397215,45.57865856057378,83.30132938199273,70.76703209624031,129.66126190088647,-13.953207081550948,17.672383113932558,E1,E1
horizontals,H,40304,15,0.8716571211787038,65.42347705216918,103.84399385676929,-4.510530671977111,155.59092319880622,226.93953313533083,390.4421751815353,873.1595938575971,0.7685244242439171,0.9382530857028993,47.118963606975626,85.37316132335417,71.49575601193504,131.27476580276925,-20.315339512533843,13.058473455002495,E1,E1
overall,D,1495,15,-0.2863110910818769,24.139347516689483,33.41885212262189,19.447183132784406,47.948376428837996,66.19678360857186,124.1102720583314,178.85843815426776,-2.3338062430573046,0.48186347609805286,16.99641924971666,33.77559683185926,22.515487821564097,46.24313918568541,10.123766454761846,30.291911295005193,E3,E3
overall,H,1495,15,0.18483146957903418,17.650281448562605,26.60371116741952,-8.836176128269019,39.23132982008037,57.90124617214196,87.54397031790882,206.78622171840925,-0.1277892669351879,0.40451444081468113,13.251923618409457,21.93336900187592,19.95461226734413,32.62392894937863,-16.630850567998618,-0.5444881732034724,E3,E3
sensor:P0,D,52,7,0.70705119469923,6.261946040755504,8.745540500691206,-0.3206805390999492,12.482997360376869,18.156265077822585,25.722319609978943,29.379995230055847,0.3455836688058442,0.8586636209825614,3.2651061414629354,10.223732517005242,5.058960326840585,12.50516840866301,-4.919373347341354,5.480583351418828,E3,E3
sensor:P0,H,52,7,-0.004108695677473184,13.103444243265814,16.19127890344668,-10.247043344414921,25.06877792961577,35.36725859127461,38.261974303403306,38.96974524056449,-0.7056624712309189,0.36630792526356004,8.594404657905352,17.933324275144457,10.573641154965259,20.85624548447401,-16.34563226979992,-2.108839211005173,E3,E3
sensor:P1,D,193,8,-1.821154192664169,30.239072928056938,44.82829335404204,27.434291195820055,70.33123511867751,109.70819175125096,160.96421301737553,178.85843815426776,-16.799779230266203,0.7117411302161294,13.373553623648156,53.320682977140436,16.174856750987068,70.54534705818556,7.320044465510312,52.01211249877373,E3,E3
sensor:P1,H,193,8,0.1404268556519318,18.33664608527533,24.744587174976648,-4.961912468789278,37.119071778475416,47.79744051054973,84.80225016642564,85.62838329408304,-0.8024782437106405,0.44962216158743507,11.13784686956666,26.213136618861704,13.70674573537667,33.741984897267294,-21.546987644703833,9.142997476435665,E3,E3
sensor:P3,D,256,15,-0.2506884853955047,20.845288299592312,25.741362521498107,16.72316539151875,44.55821002126798,51.93889507523888,64.85810491015884,68.64706628860156,-1.600387017348051,0.34829468778034905,16.011591088516166,26.083031630328737,19.797406541976628,30.963893791125354,8.774475138387043,24.672995852523975,E3,E3
sensor:P3,H,256,15,0.2182904561754686,14.602333886090706,20.350714531704476,-7.298055542590289,34.58414278178395,42.30042665604738,61.85642079695045,67.35863766202665,-0.27363866363495226,0.5623873520297705,9.708403625775578,19.32911097043186,13.504666394158814,25.709626029644596,-14.12173502463955,0.43170543981736115,E3,E3
sensor:P4,D,29,7,-1.0016454527208496,11.773631529783684,14.540401945305959,7.175751679093253,22.77051429229956,28.373604578289473,33.0435301047434,34.53737231374673,-11.388351859741356,0.43591210171505446,6.211141683004694,18.999149170342292,7.459547215564416,21.092289333241894,-1.6934508569140867,17.419273983413888,E3,E3
sensor:P4,H,29,7,-0.47918113885459035,10.677559045198278,12.499525161994589,0.4103058691201471,18.927182916484544,20.442137917504546,23.65666815020462,24.59860260693419,-6.001594823362866,0.385291506687235,6.086361074772266,15.172617410642065,7.634343045560772,16.139175835895777,-8.553492365878233,10.780352678587226,E3,E3
sensor:P5,D,407,15,0.015678085578101353,27.353127635683972,37.149915035824236,19.314161434957622,52.42971839928913,74.8641331259106,135.21408661590343,150.7172452536082,-1.965529958256587,0.5656692963130853,19.654385149930153,37.848845144208,25.14047815176314,51.26567300700919,7.3376238171614085,32.20499705303712,E3,E3
sensor:P5,H,407,15,0.06475215518113642,22.991925144507018,36.21200784828493,-15.379368959569184,56.206661472145065,82.29196265145823,150.0530244057254,206.78622171840925,-0.30171997803220346,0.3385501023257662,15.556104410360314,30.656853425185002,22.65051498310859,48.11713071586546,-26.124382759614658,-4.372650394492073,E3,E3
sensor:P6,D,42,10,-1.4940580853636707,12.21697198800971,14.10150985459591,10.404399756880602,20.592979050306603,20.969123599724487,22.14500139672546,22.453915582846207,-6.483596210435175,0.005754207595153987,8.04852670914079,16.043169968377047,10.128972573185067,17.058058001869366,4.032302294730267,15.955343501229454,E3,E3
sensor:P6,H,42,10,-0.28145169103363443,9.043457383955797,10.10795855679357,3.2687507329575554,14.25407581929221,14.618140652786188,16.589315839499783,16.656316920436883,-2.985084545368832,0.4170755785119406,6.838603884571908,11.137885572822045,8.265787696784738,11.724636366598952,-3.359656337556588,8.86086684829948,E3,E3
sensor:P7,D,408,15,-0.48136889615862133,26.518139327495884,34.772786660749745,22.90770283185116,53.22402511506371,72.78784607766359,109.608600825204,127.94669393624396,-2.0826018794242906,0.3538879722572522,19.215938776445245,35.479596514900926,24.362595745734048,45.8142025813277,13.291604270085626,33.49256667150677,E3,E3
sensor:P7,H,408,15,0.2030749567146869,18.058828692825948,25.504488765639973,-10.709769795364029,44.511518396895966,58.069203522545784,78.84730109721396,90.51438992120391,-0.14854927444855962,0.44757519533107043,13.219233090364545,22.890682245051796,19.1625737912728,30.65534241332393,-18.43543619679738,-2.3951303012223923,E3,E3
sensor:P8,D,15,6,-1.0523052519057883,12.087176734890802,13.995185081996176,11.468420704865677,21.378771968599608,21.55674656451979,21.641148445847588,21.662248916179536,-33.09734054914785,-0.0888714956695029,6.2668396290609465,16.627708274557666,7.1950818400321666,17.59692478530841,4.531974726311634,16.46289805427599,E3,E3
sensor:P8,H,15,6,-0.04177806008766427,8.94732679961546,9.97115050241927,7.700332850047196,14.124155364706112,15.349647774305595,17.218027545859485,17.685122488747957,-18.655461717973267,0.5023884803471904,5.405745206316183,12.046210693752325,6.061521423592362,12.526021620368425,2.434120697040302,11.666971101153598,E3,E3
sensor:Pinc,D,93,12,-2.772719614993947,17.22783743328686,19.600783317877614,16.02098141983991,30.425108272304232,32.60903398100726,36.75307402551818,40.48822943590085,-9.089859013512626,-0.8894165742786712,12.741586387306473,21.115383088173537,15.387361855177586,22.890445169956244,10.700439685414949,20.770213219431863,E3,E3
sensor:Pinc,H,93,12,-0.1464709351544733,9.453994954144555,10.805072549005525,5.516259320866775,16.179926323747473,17.05745138042155,18.98053935924191,22.74092707197697,-1.8918171994301696,0.33113650722576327,7.138759848415371,11.940809482322269,8.597586372006228,12.963306527882867,0.5817290993274665,9.946842139360418,E3,E3
sky:sunny,D,291,3,-13.660126209120909,45.65428659335264,58.112738684267114,44.79565317210298,98.19529480686867,123.7437329972877,151.66914345966603,178.85843815426776,-31.089995758867616,-5.665707634377067,28.405778148069977,68.31149401052845,33.86292804537718,79.59086828679966,25.546541520473404,68.31149401052845,E3,E3
sky:sunny,H,291,3,-0.07416753216010186,11.74501196673231,15.73035410068059,7.7254635049059,21.78043280587046,24.711326099963856,37.58189941296278,89.02159551103294,-1.5448731472265083,0.7884304873739039,5.2933093802182425,20.379293200766472,6.513377065893026,22.41359304538784,-2.7774648847869665,18.88313193167349,E3,E3
sky:mixed,D,381,4,0.2678652509613385,18.67493892685664,24.109192207932427,14.548263489561215,37.95497295259237,47.72571184256485,61.54838506956473,104.36233288504283,-0.11791153279547784,0.5279329363285705,11.240357420157425,25.193931578051025,15.487345303501984,29.674984061588024,1.4542289445322076,24.806182218819075,E3,E3
sky:mixed,H,381,4,0.24057006345321552,18.987044467611387,24.554494949719736,-11.716468942636352,40.52883376201555,50.825315809736885,64.77054269340839,76.3803043298158,-0.7677769860167909,0.5350722635693537,14.50911407294234,24.945529691607913,18.536876184009486,31.798047152698015,-22.666627027203464,-1.496895710352511,E3,E3
sky:cloudy,D,428,4,0.35836212493279307,14.666688699902853,19.452282544125463,13.382762580573875,32.15905142308673,40.10858872034165,53.118914676665334,73.45100131947044,-2.881407116368888,0.8487438278460714,7.463910426581843,22.449738538289587,11.22448670083731,27.225492966107748,5.1133953215783325,21.388314485716634,E3,E3
sky:cloudy,H,428,4,0.007667547741253555,16.629252501245603,24.191019429991602,-13.847063963402892,42.419659610693756,54.26945485504202,81.38408091518595,85.62838329408304,-0.23316449489362456,0.3889818609856257,8.071673105604757,25.51220962849548,10.802100284144904,33.65051885756222,-24.716633672151616,-1.408506652254629,E3,E3
sky:rainy,D,395,4,0.5457379371870688,23.823880111631286,27.71935243474109,12.069096041575389,36.58527508790592,38.08094778255414,92.09794709218988,142.0414879834097,-0.20340559727217178,0.6562742242552744,20.018014232112264,27.162094627434364,22.687431709583816,31.642109340837994,-6.462633960360019,24.742019558831,E3,E3
sky:rainy,H,395,4,0.24279051037431632,21.817691824275784,35.788036365141124,-12.829557337237748,57.659080669379335,83.95829090534117,151.42257483492565,206.78622171840925,-0.5346913800651814,0.5532227499893067,12.841037713201862,33.09939967085418,21.39737517735411,45.868877801324366,-30.77707820534846,3.4726410155884353,E3,E3
sky:cloudy+rainy,D,823,8,0.4970392887979368,19.061695513551374,23.781474304203943,12.75226648956002,36.174915363704685,38.554687078636846,65.31567151978726,142.0414879834097,-0.0243707458979067,0.6933540273086177,13.422754155900435,24.33010429660647,18.021004183534547,28.671229734181775,3.1433823941915136,20.679389942632977,E3,E3
sky:cloudy+rainy,H,823,8,0.18267415334954185,19.11945120427953,30.315822840472954,-13.358710236385598,46.935482665792925,68.82787347377302,105.05977668425234,206.78622171840925,-0.2383996193403421,0.422413799342369,12.836319738853083,25.7534373106176,20.566455968076465,38.122503987243014,-23.186695494417425,-3.624820150165003,E3,E3
shade:shaded,D,1495,15,-0.2863110910818769,24.139347516689483,33.41885212262189,19.447183132784406,47.948376428837996,66.19678360857186,124.1102720583314,178.85843815426776,-2.3338062430573046,0.48186347609805286,16.99641924971666,33.77559683185926,22.515487821564097,46.24313918568541,10.123766454761846,30.291911295005193,E3,E3
shade:shaded,H,1495,15,0.18483146957903418,17.650281448562605,26.60371116741952,-8.836176128269019,39.23132982008037,57.90124617214196,87.54397031790882,206.78622171840925,-0.1277892669351879,0.40451444081468113,13.251923618409457,21.93336900187592,19.95461226734413,32.62392894937863,-16.630850567998618,-0.5444881732034724,E3,E3
horizontals,D,1402,15,-0.30278979245169113,24.5978143053888,34.138215349927776,19.67445614227359,48.911316590815794,67.48063777063356,124.60627205833144,178.85843815426776,-2.417132908109181,0.4858235755329742,17.24180555230463,34.60992322496931,22.802476514674844,47.38243241903099,9.918768849446861,31.03544157263249,E3,E3
horizontals,H,1402,15,0.1649917001146216,18.193972350118152,27.330591833413315,-9.78822783780513,40.519559637235744,59.34200977460313,88.592002010769,206.78622171840925,-0.15986560963626528,0.3917900377859667,13.512875577086433,22.679450866046476,20.49537337206582,33.565735205340985,-17.91666944768997,-1.1901148134978974,E3,E3
overall,D,5038,15,0.8762227935357148,65.15578759904069,103.67628205652296,-2.889040959424445,159.86937535355108,225.99443626845536,392.4673134503112,797.6215412454799,0.7762907942736852,0.9402697953132481,46.63922457158235,85.09089366596969,71.73198919797036,130.42342014318695,-19.17797941600532,15.818988961679478,E2:P0,E2
overall,H,5038,15,0.8719830913351594,67.45274623202246,105.43692802201787,-7.479713232968847,161.56419958558527,229.9662055439712,397.4423112244259,803.3569102219349,0.7692586119998238,0.9365774723684294,49.043686866714324,87.40517524833211,73.62986850351835,132.4143290015305,-24.55231667619868,12.748799478955057,E2:P0,E2
overall,D,5038,15,0.8719075104182514,64.24341414402387,103.4501755888278,1.3369402207395862,156.37384755216442,224.28824097049102,382.4437206036108,863.1319158079427,0.7701142226206577,0.9378821874273277,46.00310996813787,83.91170197182,71.15317085336021,130.56223298414568,-14.158238657192937,17.20774753207683,E2:P1,E2
overall,H,5038,15,0.8691289265580602,65.94890615896561,104.56617721870496,-5.337154907454758,155.1675417622488,227.5953123819963,390.2820244475119,875.2814674332043,0.7656236364537915,0.9370062834642396,47.83777852274306,85.75478889121077,71.55542816131124,132.33572144302374,-21.452252113113516,11.635569349153618,E2:P1,E2
overall,D,5038,15,0.8750820540783703,63.555083758236684,102.86685619867795,1.4918942879841954,156.1558354778175,225.02159392463744,383.67303025276937,841.6602013108462,0.7736340860929665,0.9405308701787698,45.33817789504186,83.25952139482625,70.51091401381674,130.00225239986705,-13.779452363578642,17.854785457659627,E2:P3,E2
overall,H,5038,15,0.8716383851697584,65.46062248544176,104.27510505023467,-5.543402415328074,154.8823435916952,226.5848347196221,392.4195935668802,848.0853238964618,0.7674648243509976,0.9381047216330994,47.51329682644213,85.36066577871894,71.80131009611206,131.63352063867686,-21.765274362828045,12.346707136489592,E2:P3,E2
overall,D,5038,15,0.8732427617552089,61.716650519619165,101.3757213388326,6.642343324983043,154.69995224743127,218.39598236471272,381.0155825588937,853.5742605018975,0.771008228081748,0.9402631127010894,42.25752169381541,82.09237024538251,68.7354408301896,128.75466651715766,-8.251960338260801,21.896039583373295,E2:P4,E2
overall,H,5038,15,0.8721778249182464,62.66872351242488,101.80067906993148,2.069897393321577,154.0077527396667,222.62163664120567,385.5769947510591,862.0403558272876,0.7668338856381591,0.9407812083421931,43.13316088831559,83.30064129116327,68.5374108924779,129.71681481622278,-13.235209492229268,18.16719224232448,E2:P4,E2
overall,D,5038,15,0.8729023554959893,65.15754727890723,103.31674390800758,3.1529572935954167,155.28158759682648,223.08519831681102,394.65197697498917,793.4843769122449,0.7721811909452029,0.9382768157866737,47.597002346386255,84.12363836727557,71.55990628784409,130.39392467058812,-11.811733559240253,19.313047378632078,E2:P5,E2
overall,H,5038,15,0.8693327090882128,66.63586183416658,104.75756697768354,-6.800234529042135,155.5470856415029,225.20369762554873,392.4722635318652,805.2382699996729,0.7668592323407292,0.9363771081556213,48.75543809912028,85.81016158977438,72.40292151947362,132.25514597851213,-22.44477868774016,10.265601169119684,E2:P5,E2
overall,D,5038,15,0.8742374324407514,63.3175887064734,102.032945303808,0.4879997044796297,154.9639219464675,221.18559183953047,384.6967425587524,832.1150647171598,0.7729549011775927,0.9400557418520123,44.74729012640111,83.34133431881489,70.02005478826781,129.09690125899033,-14.588374040631741,16.505448189777546,E2:P6,E2
overall,H,5038,15,0.8716154789397446,65.11569605114452,103.09107260973703,-3.9441226797106648,154.52121956173215,224.03249058864066,384.77204291874546,841.1267974770703,0.7683064304111662,0.9385394721458822,46.690054223838864,84.9316411489956,70.67738393174864,130.5587011708218,-19.423792156406215,13.11027861031395,E2:P6,E2
overall,D,5038,15,0.8765053024632975,63.13182037374443,102.00944587002932,3.898890580974584,154.0750390351938,224.3191417716561,384.1426705698641,778.6431962416325,0.7763216327324891,0.9411856200145179,44.776622167889506,82.70930852418577,70.0120398746706,129.09570964438987,-10.325485661902237,19.32204241067951,E2:P7,E2
overall,H,5038,15,0.8732041610756798,64.78940535255431,103.36386347530431,-5.811832763402179,155.79962140990057,227.39366954240043,389.4635754757677,786.8087559822607,0.7700099858134771,0.9392231972134519,46.76936285119632,84.44140064945952,70.93189033331609,130.80588143449083,-21.347200561558783,11.21091571495199,E2:P7,E2
overall,D,5038,15,0.8756452437129526,63.92687783402949,102.76392675247202,-1.6401652253198726,157.75923829437627,225.41864260032614,385.44788782429623,787.3741882490062,0.7747393719053286,0.9406774921564126,45.178189128326636,84.13481681383948,70.84980300653149,129.85309490981987,-16.971856333210344,15.490503583174865,E2:P8,E2
overall,H,5038,15,0.8722588646433496,65.98556212212227,104.15374169349651,-5.791564064792302,157.4290906523392,226.6102202674785,390.5267213204762,795.3424713806379,0.7694759326644002,0.9377866044022929,47.51339728700078,86.15264461973298,72.02384739532016,131.41317677638366,-21.708396528041625,12.372682333465546,E2:P8,E2
overall,D,5038,15,0.8026302887555836,92.0552555238863,141.55204101621646,-11.587810375742375,245.03516074178097,306.893068115177,513.2860297243247,982.7858296576974,0.7012896149880119,0.8844837330848463,69.97986510231733,116.63631872671753,107.05987376241515,171.3255020759506,-48.363333237371975,17.50560785047241,E2:Pinc,E2
overall,H,5038,15,0.8150273486326024,96.30826824303149,137.0344129881076,38.48182797263669,209.99528504262605,284.2780885419157,446.6908132464976,834.9013348295802,0.6853330758597432,0.8900902513374589,73.9450478881487,118.87540109281761,107.70429555945913,162.2113709345389,11.234743211787702,68.794840739831,E2:Pinc,E2
overall,D,20152,15,0.87410733357232,64.02196638872805,102.91234808323787,2.4701705958234457,155.52583264188536,224.41527437310023,387.1978436724142,863.1319158079427,0.7728936150694463,0.9395966326232282,45.99232367883738,83.48896153541503,70.94611544000807,130.0078880699204,-12.529465970027495,18.399232494078344,E2:shaded,E2
overall,H,20152,15,0.8708330705783531,65.70869895778208,104.24204893299571,-5.873156153806787,155.1841325331185,226.38354083822574,391.4015568835717,875.2814674332043,0.767383710380363,0.9376733996062935,47.69371393002499,85.41098582363306,71.74375450764525,131.76894951332673,-21.88755013134792,11.343112001193452,E2:shaded,E2
sensor:P1,D,5038,15,0.8719075104182514,64.24341414402387,103.4501755888278,1.3369402207395862,156.37384755216442,224.28824097049102,382.4437206036108,863.1319158079427,0.7701142226206577,0.9378821874273277,46.00310996813787,83.91170197182,71.15317085336021,130.56223298414568,-14.158238657192937,17.20774753207683,E2:shaded,E2
sensor:P1,H,5038,15,0.8691289265580602,65.94890615896561,104.56617721870496,-5.337154907454758,155.1675417622488,227.5953123819963,390.2820244475119,875.2814674332043,0.7656236364537915,0.9370062834642396,47.83777852274306,85.75478889121077,71.55542816131124,132.33572144302374,-21.452252113113516,11.635569349153618,E2:shaded,E2
sensor:P3,D,5038,15,0.8750820540783703,63.555083758236684,102.86685619867795,1.4918942879841954,156.1558354778175,225.02159392463744,383.67303025276937,841.6602013108462,0.7736340860929665,0.9405308701787698,45.33817789504186,83.25952139482625,70.51091401381674,130.00225239986705,-13.779452363578642,17.854785457659627,E2:shaded,E2
sensor:P3,H,5038,15,0.8716383851697584,65.46062248544176,104.27510505023467,-5.543402415328074,154.8823435916952,226.5848347196221,392.4195935668802,848.0853238964618,0.7674648243509976,0.9381047216330994,47.51329682644213,85.36066577871894,71.80131009611206,131.63352063867686,-21.765274362828045,12.346707136489592,E2:shaded,E2
sensor:P5,D,5038,15,0.8729023554959893,65.15754727890723,103.31674390800758,3.1529572935954167,155.28158759682648,223.08519831681102,394.65197697498917,793.4843769122449,0.7721811909452029,0.9382768157866737,47.597002346386255,84.12363836727557,71.55990628784409,130.39392467058812,-11.811733559240253,19.313047378632078,E2:shaded,E2
sensor:P5,H,5038,15,0.8693327090882128,66.63586183416658,104.75756697768354,-6.800234529042135,155.5470856415029,225.20369762554873,392.4722635318652,805.2382699996729,0.7668592323407292,0.9363771081556213,48.75543809912028,85.81016158977438,72.40292151947362,132.25514597851213,-22.44477868774016,10.265601169119684,E2:shaded,E2
sensor:P7,D,5038,15,0.8765053024632975,63.13182037374443,102.00944587002932,3.898890580974584,154.0750390351938,224.3191417716561,384.1426705698641,778.6431962416325,0.7763216327324891,0.9411856200145179,44.776622167889506,82.70930852418577,70.0120398746706,129.09570964438987,-10.325485661902237,19.32204241067951,E2:shaded,E2
sensor:P7,H,5038,15,0.8732041610756798,64.78940535255431,103.36386347530431,-5.811832763402179,155.79962140990057,227.39366954240043,389.4635754757677,786.8087559822607,0.7700099858134771,0.9392231972134519,46.76936285119632,84.44140064945952,70.93189033331609,130.80588143449083,-21.347200561558783,11.21091571495199,E2:shaded,E2
sky:sunny,D,4496,3,0.9675442946677546,32.79628195771246,49.726490900092934,-6.849446405090911,54.0678588708858,97.01317440341356,211.12173240417525,380.4506056925556,0.9486172508324776,0.9919901983831246,17.526726034197328,42.20600122922932,25.186216087171854,66.13872132218458,-26.041356683022556,8.047229758050046,E2:shaded,E2
sky:sunny,H,4496,3,0.9657166963315499,36.188145954468624,51.107380273568516,-19.85942139549458,61.54726587925143,86.35208470394026,211.98587962481838,354.81886647238065,0.942653151882915,0.9925095725113312,20.78230592072216,46.31612736719404,24.355965336041137,66.20839628687348,-41.357872004540596,-4.716881969870749,E2:shaded,E2
sky:mixed,D,5964,4,0.8297938218848733,82.69566748721194,124.77147536035103,-28.48617109475625,195.53630595092082,255.23649046663826,425.0971165531881,863.1319158079427,0.6601917010437433,0.9303891029191768,58.94920250081848,118.27560940460987,79.82279511339969,171.1996171606284,-49.70109171401165,-11.558558122342777,E2:shaded,E2
sky:mixed,H,5964,4,0.8196915989098095,86.47430553181358,128.42087703543143,-37.94600616268274,202.35649676414334,260.7192725342437,409.015073568077,875.2814674332043,0.645055264864925,0.9249019027904098,61.535069634909796,122.75820999545057,82.90921105407485,174.97103786865028,-59.728827597307834,-21.122549408285924,E2:shaded,E2
sky:cloudy,D,5140,4,0.630140695666518,72.02057096044778,117.29142825921834,20.455807702007615,193.99479740059613,275.5336683519612,427.7041780945139,694.0416674414369,0.5114317066264918,0.8766173673101592,31.85059365040065,109.7999841395033,40.1336344070098,161.5123824623264,5.030479169295729,32.75292275605763,E2:shaded,E2
sky:cloudy,H,5140,4,0.6266584009963818,72.52116298720054,117.84229505843288,14.629674665553038,195.1353192508279,281.1957569997358,431.88736427651475,704.3456748293418,0.5034747114263717,0.8708931198962352,32.445230289444574,109.46395555515689,41.05406513392148,162.6346898699231,-0.16113231300599146,27.88748631542874,E2:shaded,E2
sky:rainy,D,4552,4,0.6446911707890267,61.365528856181676,92.26688874597198,31.92501355560852,137.17677182386586,167.6575812724385,351.9165426922842,651.6171243396035,0.42878692497056514,0.6716003181387786,35.32778453875106,85.73147528846138,46.94095702930635,126.57361832331688,18.96879782669813,43.37839054159696,E2:shaded,E2
sky:rainy,H,4552,4,0.6561668151371861,59.9666654745137,90.76465717291526,26.8114166862756,133.6950647222221,161.63935155963898,340.02104038686844,669.8020680392425,0.4591479616537321,0.6808027911378927,34.68991471249447,84.54708190509126,46.61381412271422,124.72247926212573,14.686727327161758,36.85026780591457,E2:shaded,E2
sky:cloudy+rainy,D,9692,8,0.6546759220191165,67.0162631128808,106.27466794112983,25.842500339811096,158.66087157497606,241.76840885533943,410.68055841672816,694.0416674414369,0.5610596322245168,0.7780536635567599,40.642781785388856,92.36631733037063,59.96709092979975,139.15219627107652,14.601251932435126,36.09717143963279,E2:shaded,E2
sky:cloudy+rainy,H,9692,8,0.6565240161058548,66.62474607864188,105.9899077944963,20.351021103680267,155.3944030951397,235.18645325298667,412.5032631470908,704.3456748293418,0.5575869121707888,0.7799519238019261,40.45563007181726,92.02524625457534,59.72026218512267,139.70741546754346,9.302200952910352,30.432353236734496,E2:shaded,E2
shade:shaded,D,1264,15,-0.19817351654921267,23.951077934423882,33.769244661746264,17.95857918227999,47.24410900265743,68.60961127962331,125.23415426111413,177.66968576699747,-2.228784068711659,0.5432603634034994,16.612552092066906,34.3764964144174,22.142948132672814,47.477967341635676,7.491536526302545,29.986210968457815,E2:shaded,E2
shade:shaded,H,1264,15,0.16551576058601591,18.73838769517367,28.181918715120215,-10.257341868111375,44.01153017333006,61.24314710813987,89.60711397328761,207.8840832448738,-0.17903630530455591,0.3984966468522116,13.662492460185476,23.649608386297555,20.931831791121883,34.70613828559566,-18.92113569512944,-0.929954894774073,E2:shaded,E2
shade:unshaded,D,18829,15,0.8644703741616586,66.7883705146634,106.06266977103431,1.3630101314148861,161.91514900585838,230.52043928644156,395.37762307747664,863.1319158079427,0.7578182627944271,0.9353247089590818,47.35406177540068,87.46048159394839,72.61453978896137,133.92090496017056,-14.74032698316,18.510211310358617,E2:shaded,E2
shade:unshaded,H,18829,15,0.860616901634113,68.9592348341125,107.55992538691777,-5.638544353046041,162.5194682908418,233.54848778186724,395.3447509090226,875.2814674332043,0.7502676279619057,0.9328492391031683,49.60310733088453,89.82118875754041,73.77653029465527,135.92665485409293,-22.642571978930835,12.956690812059762,E2:shaded,E2
horizontals,D,20152,15,0.87410733357232,64.02196638872805,102.91234808323787,2.4701705958234457,155.52583264188536,224.41527437310023,387.1978436724142,863.1319158079427,0.7728936150694463,0.9395966326232282,45.99232367883738,83.48896153541503,70.94611544000807,130.0078880699204,-12.529465970027495,18.399232494078344,E2:shaded,E2
horizontals,H,20152,15,0.8708330705783531,65.70869895778208,104.24204893299571,-5.873156153806787,155.1841325331185,226.38354083822574,391.4015568835717,875.2814674332043,0.767383710380363,0.9376733996062935,47.69371393002499,85.41098582363306,71.74375450764525,131.76894951332673,-21.88755013134792,11.343112001193452,E2:shaded,E2
overall,D,20152,15,0.874882932040016,63.52922616479069,102.4657929591501,0.6502842111795895,157.4011816119643,223.57701795060484,385.7730381512454,853.5742605018975,0.7735063056756609,0.940480720273032,44.80526563579252,83.57456838524531,70.38059900141296,129.3829391108914,-14.512972733890798,17.346528661953307,E2:open,E2
overall,H,20152,15,0.8720254671883177,65.30568197942853,103.62926132420445,-3.786375646037559,156.18021624352133,225.75212691761618,390.00959947519647,862.0403558272876,0.7689180990403955,0.9386757432042583,46.81577740386612,85.46890453484858,71.4358484831898,131.01640768828113,-19.48902049838674,14.074309810008726,E2:open,E2
sensor:P0,D,5038,15,0.8762227935357148,65.15578759904069,103.67628205652296,-2.889040959424445,159.86937535355108,225.99443626845536,392.4673134503112,797.6215412454799,0.7762907942736852,0.9402697953132481,46.63922457158235,85.09089366596969,71.73198919797036,130.42342014318695,-19.17797941600532,15.818988961679478,E2:open,E2
sensor:P0,H,5038,15,0.8719830913351594,67.45274623202246,105.43692802201787,-7.479713232968847,161.56419958558527,229.9662055439712,397.4423112244259,803.3569102219349,0.7692586119998238,0.9365774723684294,49.043686866714324,87.40517524833211,73.62986850351835,132.4143290015305,-24.55231667619868,12.748799478955057,E2:open,E2
sensor:P4,D,5038,15,0.8732427617552089,61.716650519619165,101.3757213388326,6.642343324983043,154.69995224743127,218.39598236471272,381.0155825588937,853.5742605018975,0.771008228081748,0.9402631127010894,42.25752169381541,82.09237024538251,68.7354408301896,128.75466651715766,-8.251960338260801,21.896039583373295,E2:open,E2
sensor:P4,H,5038,15,0.8721778249182464,62.66872351242488,101.80067906993148,2.069897393321577,154.0077527396667,222.62163664120567,385.5769947510591,862.0403558272876,0.7668338856381591,0.9407812083421931,43.13316088831559,83.30064129116327,68.5374108924779,129.71681481622278,-13.235209492229268,18.16719224232448,E2:open,E2
sensor:P6,D,5038,15,0.8742374324407514,63.3175887064734,102.032945303808,0.4879997044796297,154.9639219464675,221.18559183953047,384.6967425587524,832.1150647171598,0.7729549011775927,0.9400557418520123,44.74729012640111,83.34133431881489,70.02005478826781,129.09690125899033,-14.588374040631741,16.505448189777546,E2:open,E2
sensor:P6,H,5038,15,0.8716154789397446,65.11569605114452,103.09107260973703,-3.9441226797106648,154.52121956173215,224.03249058864066,384.77204291874546,841.1267974770703,0.7683064304111662,0.9385394721458822,46.690054223838864,84.9316411489956,70.67738393174864,130.5587011708218,-19.423792156406215,13.11027861031395,E2:open,E2
sensor:P8,D,5038,15,0.8756452437129526,63.92687783402949,102.76392675247202,-1.6401652253198726,157.75923829437627,225.41864260032614,385.44788782429623,787.3741882490062,0.7747393719053286,0.9406774921564126,45.178189128326636,84.13481681383948,70.84980300653149,129.85309490981987,-16.971856333210344,15.490503583174865,E2:open,E2
sensor:P8,H,5038,15,0.8722588646433496,65.98556212212227,104.15374169349651,-5.791564064792302,157.4290906523392,226.6102202674785,390.5267213204762,795.3424713806379,0.7694759326644002,0.9377866044022929,47.51339728700078,86.15264461973298,72.02384739532016,131.41317677638366,-21.708396528041625,12.372682333465546,E2:open,E2
sky:sunny,D,4496,3,0.9693260908239768,29.472280894545456,47.4415090426968,-10.250308723267201,53.66234080448368,77.57468613146267,205.01569529492298,377.9177592664411,0.9469443138272488,0.9926804300864119,16.695612525225137,41.32570629558961,23.77661721964637,66.88011486517632,-29.23222195722569,4.587391324195188,E2:open,E2
sky:sunny,H,4496,3,0.9665777778043249,33.21677774066915,49.52124928847812,-18.931951615299695,59.03015297909192,78.75073812521555,199.0221003819913,381.00203601081944,0.947322681023752,0.9924163540564112,19.455251609097264,42.280318363048224,24.20172428191819,66.64121003577509,-37.67467770219233,-4.666658554549857,E2:open,E2
sky:mixed,D,5964,4,0.8323688161408614,83.7424683205838,123.92768929844055,-32.3082494197211,196.01079153881886,252.86190109791977,396.83923882783165,853.5742605018975,0.6594821903742281,0.9300389555582714,59.86179276881043,120.23332898196446,80.4643554656602,169.35299919750744,-53.42176766092145,-17.90561919912653,E2:open,E2
sky:mixed,H,5964,4,0.8242874728834708,86.94051073387254,126.87974831030738,-37.79492058589547,200.78306509701815,258.40086413225197,394.2247811258891,862.0403558272876,0.647898113999048,0.9261967857922554,61.71949614677849,123.99408718574395,82.93799637388008,172.2095184768012,-58.80607239163587,-23.177979118556024,E2:open,E2
sky:cloudy,D,5140,4,0.6267557425278918,71.61293005359704,117.35029223816996,20.829930471862713,195.5029579285824,271.1170301116774,430.4455303085585,701.8224120103757,0.5064641353047492,0.880504804767936,31.314513882301846,109.897469721192,39.4678987467892,162.1103889751645,5.332186354036928,33.18477543292664,E2:open,E2
sky:cloudy,H,5140,4,0.623050363549128,72.36570205181732,117.9313506671891,18.910054760408713,197.64942853922184,272.1997646942197,431.8854957160103,707.8634443350691,0.4985946419302332,0.8779496131198421,31.469094049304527,110.72351255371413,39.887642064699776,163.33746347065303,4.3625163717724975,31.204595092702025,E2:open,E2
sky:rainy,D,4552,4,0.6424302408861461,61.55603014752525,92.65960847708673,31.812493927360006,137.12675965332804,168.5739580868259,354.1658264336893,687.4208842972516,0.4269536116259216,0.6681893213180807,35.64311958032579,86.44167771719216,47.46815181573544,127.5852335350302,19.23804858467412,42.576875987894184,E2:open,E2
sky:rainy,H,4552,4,0.6533445493262287,60.682020203040075,91.23449793839762,30.102424725223713,134.28852046576853,165.36314237270676,343.4072556879318,700.5095450247507,0.44859847673294073,0.6773910464840114,34.73652978927076,85.4888177077505,46.237181663655996,125.87134487312933,18.415388816156984,39.40377909524811,E2:open,E2
sky:cloudy+rainy,D,9692,8,0.651836688973699,66.88954908244158,106.46942814658316,25.988063865323678,158.7679169327387,236.02576684403832,414.2906237064328,701.8224120103757,0.5574874149394339,0.7789612944351123,40.6234801346047,92.64911045421832,59.672782974836664,139.58734853954954,14.985945324849704,35.8312419843405,E2:open,E2
sky:cloudy+rainy,H,9692,8,0.6533902455740237,66.87827739481834,106.23162133684514,24.166727075703584,156.14016638251718,233.33514083106752,415.44116829006697,707.8634443350691,0.5532800144353861,0.7816895298366061,40.12123586042983,92.71858760317771,59.30047962633722,140.01953883499323,13.644485161661374,33.611854517326584,E2:open,E2
shade:shaded,D,138,12,0.498371304620048,9.321592243308888,11.342766227043816,2.4006445126573186,17.071858229362704,18.546900683938077,28.290968531254883,35.154914410046736,-0.18938208333656809,0.6799460266222587,7.011358977699424,12.172091254048746,8.77338242002853,14.011367816330369,-2.4560308652159666,8.2684808402127,E2:open,E2
shade:shaded,H,138,12,0.3249029088030172,10.963035230261816,13.15863722098096,-2.3819980416440116,19.292377010349036,22.334896704854295,37.104338879552586,39.94389942425056,-0.21685970322845516,0.5035499588702904,8.48987314029385,13.546686522630319,10.143643063719006,16.11863310021358,-7.879740691332548,4.2120062133034715,E2:open,E2
shade:unshaded,D,19990,15,0.8736544802452169,63.96790685607946,102.87492404101583,0.632598243915483,157.78285428053545,224.03228414054433,385.9728194310547,853.5742605018975,0.7714295872866446,0.939849210201905,45.08870939413744,84.20957521894549,70.59105201016823,129.93995636333378,-14.694679222618849,17.47539753217778,E2:open,E2
shade:unshaded,H,19990,15,0.8707735868583233,65.74416040388456,104.04117526554887,-3.8116004237847463,157.05797380853505,226.48536221318136,390.5370218305438,862.0403558272876,0.7664629997115449,0.9381257095742053,47.0841396296788,86.10239047305429,71.64719665918743,131.5282099808619,-19.66070634393012,14.198858579986286,E2:open,E2
horizontals,D,20152,15,0.874882932040016,63.52922616479069,102.4657929591501,0.6502842111795895,157.4011816119643,223.57701795060484,385.7730381512454,853.5742605018975,0.7735063056756609,0.940480720273032,44.80526563579252,83.57456838524531,70.38059900141296,129.3829391108914,-14.512972733890798,17.346528661953307,E2:open,E2
horizontals,H,20152,15,0.8720254671883177,65.30568197942853,103.62926132420445,-3.786375646037559,156.18021624352133,225.75212691761618,390.00959947519647,862.0403558272876,0.7689180990403955,0.9386757432042583,46.81577740386612,85.46890453484858,71.4358484831898,131.01640768828113,-19.48902049838674,14.074309810008726,E2:open,E2
overall,D,5038,15,0.8026302887555836,92.0552555238863,141.55204101621646,-11.587810375742375,245.03516074178097,306.893068115177,513.2860297243247,982.7858296576974,0.7012896149880119,0.8844837330848463,69.97986510231733,116.63631872671753,107.05987376241515,171.3255020759506,-48.363333237371975,17.50560785047241,E2:tilted,E2
overall,H,5038,15,0.8150273486326024,96.30826824303149,137.0344129881076,38.48182797263669,209.99528504262605,284.2780885419157,446.6908132464976,834.9013348295802,0.6853330758597432,0.8900902513374589,73.9450478881487,118.87540109281761,107.70429555945913,162.2113709345389,11.234743211787702,68.794840739831,E2:tilted,E2
sensor:Pinc,D,5038,15,0.8026302887555836,92.0552555238863,141.55204101621646,-11.587810375742375,245.03516074178097,306.893068115177,513.2860297243247,982.7858296576974,0.7012896149880119,0.8844837330848463,69.97986510231733,116.63631872671753,107.05987376241515,171.3255020759506,-48.363333237371975,17.50560785047241,E2:tilted,E2
sensor:Pinc,H,5038,15,0.8150273486326024,96.30826824303149,137.0344129881076,38.48182797263669,209.99528504262605,284.2780885419157,446.6908132464976,834.9013348295802,0.6853330758597432,0.8900902513374589,73.9450478881487,118.87540109281761,107.70429555945913,162.2113709345389,11.234743211787702,68.794840739831,E2:tilted,E2
sky:sunny,D,1124,3,0.7986112601470234,103.25898223715268,138.73123041801998,-45.26018700631548,271.15534391827873,301.8761817319376,309.73327745956055,404.5013189577895,0.3498445323335776,0.9444383455936645,63.660875898666674,198.95154446685916,75.38958617551067,225.1340703208974,-197.30170201684595,28.86545012464293,E2:tilted,E2
sky:sunny,H,1124,3,0.9648320284799526,38.63005354384611,57.97360476663181,-11.702707540625221,82.95667698204603,93.11520616749273,217.85710169638097,384.22117228665905,0.9342640851446073,0.991685555146769,20.59653145856206,64.26510950331782,29.16355102138648,71.58696811753005,-63.13325415458916,12.817435013240996,E2:tilted,E2
sky:mixed,D,1491,4,0.7628077984522189,103.47301782979304,162.23430042223475,-39.489781049107606,251.22506417636345,371.1819027866497,580.4812876984802,982.7858296576974,0.6018709643359708,0.9213323958244972,65.42816484888304,150.09215857207235,87.78492384888601,221.65014890707613,-88.283022863956,0.32930788627414564,E2:tilted,E2
sky:mixed,H,1491,4,0.8331991630455677,95.11077004396753,136.04782091851038,-12.38843240244328,213.33169843340283,278.79734847439255,440.7572176195213,834.9013348295802,0.7013977833559202,0.928365079827751,59.360183920231314,138.87294085567757,83.76919951317123,180.52885573553596,-20.328890766605713,-7.511805467149157,E2:tilted,E2
sky:cloudy,D,1285,4,0.5612507819206733,88.76404368010597,146.4320105649645,10.488917360292971,266.69375149341533,340.09760706578396,538.5296393427258,812.1506680115767,0.3692913137758481,0.7084338119253109,49.50013963257171,120.06533781590247,86.31426763505456,180.54622534704262,-18.922565144989846,36.06922222460479,E2:tilted,E2
sky:cloudy,H,1285,4,0.42329799913671873,123.92087504684656,167.881784457966,80.43161063372337,290.5060569124873,384.363579204578,484.1304236957665,756.0278672525153,0.17938466090170813,0.5289798536634422,100.30731391670561,142.96730397098096,116.11109460080978,199.7627930047588,69.57688953070786,91.00287511807336,E2:tilted,E2
sky:rainy,D,1138,4,0.6189752832002839,69.74623513323553,104.8764154359713,33.29882799503646,149.19710156792937,185.43794341319625,390.8419352648411,689.5250192039405,0.3699460713057575,0.6690211434058304,39.51825389242431,93.91178561332372,51.14727219227585,137.31112456289947,22.33554204825837,47.21115648950588,E2:tilted,E2
sky:rainy,H,1138,4,0.1776651138845079,123.66642588256262,154.07267334070002,107.33025101011843,218.39301930452234,268.376988084633,496.20178381114545,628.5103359908996,-2.597552453717808,0.4407060661716339,117.42749689953808,128.55586865922763,130.9744081090366,176.14697149009385,98.70550287357847,115.13215527574694,E2:tilted,E2
sky:cloudy+rainy,D,2423,8,0.6033553721453093,79.83203124661914,128.59816250516144,21.20195008928104,194.70408403409027,299.85142791905554,497.82331252201215,812.1506680115767,0.4808977803303431,0.6908807222408533,53.62729724836169,104.0851434685695,86.65964354436265,158.6213085478271,2.182906670513781,38.4407345367219,E2:tilted,E2
sky:cloudy+rainy,H,2423,8,0.37409359262350494,123.80136900105408,161.54319703322557,93.06497949395349,242.8495504127171,345.0319643670253,488.47070097385625,756.0278672525153,0.023619257806952246,0.4802944982543725,110.17063336678703,136.0692657058326,133.93770037988543,183.75296672615642,81.63375818207633,104.47932666355857,E2:tilted,E2
shade:shaded,D,93,12,-1.7536047265555785,14.592555236069265,16.74545536199879,12.598917566130611,26.194350919040826,28.30191332126584,33.76037689644696,35.145244028280175,-6.384645816270048,-0.3714691949032132,10.686803280563359,17.953483054487183,12.897121443896749,19.741905457278406,7.316423583433614,17.32791356722414,E2:tilted,E2
shade:shaded,H,93,12,-0.196678764491097,9.738074818420877,11.039132722181524,6.361841791509925,16.55361226363048,17.471029046182586,19.768467481525036,21.100952860952415,-1.9811122609521885,0.28522044321891504,7.427032045231678,12.26171050491104,8.855157897161492,13.165522333512984,1.562134646978904,10.657963783023607,E2:tilted,E2
shade:unshaded,D,4936,15,0.7979628068053648,93.64349271971192,142.98518627764,-12.098440435209403,247.3966386893831,307.5300426042194,515.8535237565101,982.7858296576974,0.6923621197398793,0.8820255432998356,70.8980469682973,118.83479224767643,107.8602996885376,173.22545050998662,-49.89057881033706,17.60074874353857,E2:tilted,E2
shade:unshaded,H,4936,15,0.8106248111310423,98.08596853039403,138.432136536317,39.132573649802495,211.97347651216757,286.5605838394906,447.6717178922147,834.9013348295802,0.678297599279972,0.8870549987957712,75.37591638055007,121.69949013566081,108.92390656590197,164.41583551896497,11.235696711670851,70.21185690966372,E2:tilted,E2
overall,D,12690,4,0.6146728971505862,89.73578073444251,135.08277858566493,7.029117817018588,209.2446312273269,295.58109871066455,496.896019238252,992.8777144911456,0.3608434375994565,0.7809851464302318,58.64539198009523,119.50838559754868,83.76418138350793,180.22010559954128,-8.665435894745162,24.141715017075242,E4:2025-04,E4
overall,H,12690,4,0.6173953631678096,87.34199505137262,134.6047299868059,1.6576705650411476,208.67689854020222,300.81186324969815,495.912371899454,972.6855439191926,0.3554664169265569,0.7919070926824598,54.25715846224772,118.70228143010085,80.66805867518093,180.97658511247556,-13.289458855289267,17.206701820925833,E4:2025-04,E4
overall,D,17782,5,0.81155816550941,93.23066026960902,140.83399292866085,-6.661362340447882,247.6596369189584,327.7936312670279,461.04934885191665,694.2093909159315,0.6728832795042783,0.9239219281332702,52.24438247053093,131.7925878098874,85.98065996210646,179.1663619394852,-14.772756614433765,4.29246486625407,E4:2025-05,E4
overall,H,17782,5,0.8156341609829204,90.94612759231883,139.30254725911308,-12.879515043481433,243.00626476313397,324.0224945267553,466.70493866399715,669.5397832049478,0.6772515856431953,0.9276467359984082,49.880356701761315,130.22888246141358,84.29403425353276,177.9563885621951,-20.515364818344835,-2.30537086562336,E4:2025-05,E4
overall,D,18729,5,0.941195272189126,53.88969282964302,81.79270855694429,14.673561031526182,156.81928037360112,197.47656552956104,248.2729417405835,535.579436171523,0.9079008984790804,0.9686789097462972,40.11531503756065,66.59295119365544,58.88051963120314,99.51833551992509,-7.213947174507862,36.080302899020836,E4:2025-06,E4
overall,H,18729,5,0.9444917536957814,52.3369361641438,79.46707379483222,2.81600025598899,144.8842715541721,196.52463666555587,244.84222225658493,516.6563024039363,0.9129306855408779,0.9711308057809551,39.12463778469055,64.16051984857188,56.46987846685737,97.0032189890523,-21.814204196879977,27.319716265692527,E4:2025-06,E4
overall,D,19073,6,0.9031160204067475,62.07768253770877,98.22519024869044,-0.7263735949054865,126.753738366158,213.4464844832742,426.17781128456704,613.8030683217786,0.8236639168005264,0.9715979315029963,40.081172570063096,87.78453940358969,51.79983407889731,134.5908828985754,-20.794656699636192,17.762743338430198,E4:2025-07,E4
overall,H,19073,6,0.9115517607376173,60.9954639262553,93.85155869346049,-13.475345604394871,110.72821552206716,200.48437256520614,404.97063764433983,601.633559643629,0.8381055093945871,0.9748938567191601,39.2589346137964,87.10307745737656,48.65317620289116,128.85292561455034,-33.86190851095615,4.836699826447807,E4:2025-07,E4
overall,D,17694,5,0.9211731959879275,49.694362280159744,82.67944965692655,19.076928016163972,132.01482718933025,179.39067312957542,337.21767292423647,421.9191988488227,0.8673813734913998,0.9671970162503125,30.68216258026762,70.93742661342144,53.8693704257649,106.07769441116277,0.323190191005839,44.85924015708509,E4:2025-08,E4
overall,H,17694,5,0.9287599604688069,46.94095016216167,78.60002672275859,11.010732955502284,121.26221670216482,174.2968548723066,327.00681046112027,447.77093923169764,0.8757510524805786,0.9748433966685855,27.983493628538834,68.07730223075752,47.192972219848755,102.68901293703455,-7.800994064358905,37.00489935008272,E4:2025-08,E4
overall,D,15396,5,0.899637013023239,57.68428125679816,79.63968848850138,-33.63361304967752,113.72141627047738,180.0670320861605,289.11204347693626,468.36153576875427,0.8636538129528956,0.9164794142620485,49.384131093983335,66.43178165764101,71.53042344688349,88.39628536659778,-55.512204017762556,-9.696355449255233,E4:2025-09,E4
overall,H,15396,5,0.9252810436362426,55.54293401523324,68.71604606407635,-31.715378589357922,101.27270979021148,118.9965498904626,202.72871063106663,454.41174774645464,0.8787522020143987,0.9467736750422208,47.14619890872074,62.87484593781367,57.14465634029318,77.2373299552418,-53.629426579952344,-7.6234587701545085,E4:2025-09,E4
overall,D,13041,5,0.7432303591324372,76.66972666839251,109.34290966906522,-7.998622258005742,158.43906055512554,246.41841078702993,396.63370306676046,730.3583453006115,0.6150176204855206,0.7916684578434194,55.95225435399423,106.19391011325546,71.05419059859915,147.28962787306747,-50.39309664009825,34.985073449758495,E4:2025-10,E4
overall,H,13041,5,0.7752180020909725,76.0764167356089,102.3056344887533,-0.924085788509652,162.88687511685578,209.880159407826,317.07894451060474,597.1514520418561,0.5401604897122056,0.833689847885125,57.65715142544254,102.75853494257363,75.60880827810252,134.69733260596269,-41.932560329690226,40.65434670320851,E4:2025-10,E4
overall,D,9655,4,0.6657894029178688,66.63078267549007,89.00419279703033,27.536175424251667,127.85744284369524,160.19201141188222,304.55156924524124,645.5846456711881,-3.251745784355549,0.6957963634895487,59.06310871115864,72.71287094305437,73.6279362254737,101.811025573425,-4.409032378976809,60.008465812370474,E4:2025-11,E4
overall,H,9655,4,0.6549507635240688,69.20385756474384,90.43590584642244,36.57960940652641,139.6994919421777,177.33029243663805,270.7622539923796,539.1859212283234,-4.56512085614606,0.742914728518348,63.92031641043304,74.2824106303947,79.60071089825747,100.28717818274461,6.435145650904658,67.22144422244355,E4:2025-11,E4
overall,D,8766,4,0.441975246670518,49.46418619642653,64.15903687798182,29.0960568254031,104.68787963470963,122.22056645888641,166.6883880706434,390.9636424873642,-0.5056219912927684,0.5294635203954455,42.03966476009269,56.04725867718138,51.84822817978669,75.12592463317883,15.879098603908073,42.25884718533467,E4:2025-12,E4
overall,H,8766,4,0.23109984951211548,57.367890120872026,75.31232876095957,38.79114674156628,119.05499674737973,153.1441833732708,232.20404177798358,322.88543239798537,-1.114327349239169,0.39204378765374237,51.48353178365768,62.57905940361284,68.91182178642745,81.88942633092549,26.55935158900964,50.97281158612059,E4:2025-12,E4
overall,D,132826,43,0.8932710213092899,66.50847547399918,101.95331544224611,3.523752832541022,151.18921846594063,223.9259990296796,385.58885975956576,992.8777144911456,0.8553633773808506,0.9242580203092974,57.226847628554886,76.22533663122586,86.56354695344945,117.1731528905812,-6.354292333292306,12.399983717098166,E4:pooled,E4
overall,H,132826,43,0.8988531090550435,65.63499483110468,99.25135520264769,-0.184902326423209,148.6266965879855,214.55002436727557,366.80275765277645,972.6855439191926,0.8619301451980828,0.9294252089020694,56.569991648899055,75.37520213506157,83.47450682114763,114.29360951897515,-10.09566603519381,9.33616931524846,E4:pooled,E4
sensor:P0,D,14933,43,0.9031617263826663,64.09460304135524,97.80491670131485,-0.4499426669514939,141.4434987725339,211.56798482270523,371.1745945216525,845.335113058568,0.8664680985602162,0.9343651727357374,54.41329006854284,74.03221494398393,81.12139941358014,113.08429797927168,-10.17112807206253,8.67065713068357,E4:pooled,E4
sensor:P0,H,14933,43,0.9005109165172676,67.06555275632421,99.13451434232691,-6.7817446750926775,141.36615263107888,210.58943602876363,364.22778741187244,859.5411564911938,0.8642461454069137,0.9309730011775654,58.194215326827994,76.82894811314016,83.24721009384842,114.04756121336374,-16.800162301171675,2.964078096978497,E4:pooled,E4
sensor:P1,D,13442,39,0.9018685024109809,61.94420005728993,94.60708496716462,4.831843010971211,138.18171360966411,203.72107139618723,354.21460221869273,816.0976130585678,0.857773664476373,0.9353641024398458,52.22449716144735,72.38039169556218,78.07696242156612,111.36842124606922,-4.908409993082932,13.949111135886586,E4:pooled,E4
sensor:P1,H,13442,39,0.9006768157537838,63.239771872013726,95.17979499352484,-2.4949020093811214,137.83974964645412,201.76609020040493,351.32047696567145,830.5848281151814,0.8567846040782913,0.9334855454095218,54.03523933797183,73.42990201950106,79.04949739877618,111.91493852442957,-12.988742318580567,7.447963841243085,E4:pooled,E4
sensor:P3,D,14929,43,0.9036446687371709,62.787337419190024,96.78320276295862,4.594941365758181,139.71502600886814,211.19594853262976,367.97582887875717,810.3684463919013,0.8668551531442836,0.9350011292115322,53.10270943326128,72.60840151397937,80.06820227611107,112.10482316140522,-4.84652385841146,12.95764564108257,E4:pooled,E4
sensor:P3,H,14929,43,0.9020554247954218,64.56109104426803,97.57808907456993,-3.8255117568444232,139.9235720919969,210.48639705271793,362.8788649518118,824.8435222043302,0.865349111850176,0.9326675234976405,55.40306869974179,74.44932992341614,81.55266697841066,112.73467044246438,-13.409766071827978,5.125585083403468,E4:pooled,E4
sensor:P4,D,14914,43,0.9029572823972566,59.45121593606275,94.2784077140578,10.791297086343976,136.3641490761596,207.4184718512831,368.1036760154168,798.7017797252348,0.8642721869767706,0.9352768306530118,49.47839886210843,69.32038117582172,77.36288493522657,110.15715952385892,2.630270262047876,18.36654892533928,E4:pooled,E4
sensor:P4,H,14914,43,0.9034492104329221,59.947363298988165,94.0391465027165,4.520835051740543,135.44832141992248,205.92994337049169,361.34201028904334,812.9206307828018,0.8649001394355992,0.9353409634127432,50.35793511183391,69.78512220486114,77.43412958068035,109.99216279622183,-3.8740342391632483,12.68699642497849,E4:pooled,E4
sensor:P5,D,14933,43,0.9009106621231198,64.20146993663545,97.1432769518156,6.638239038495784,139.45299675047556,211.11681547763243,370.58089088037264,834.335113058568,0.8634694664315542,0.9325314134272592,54.75455859763179,74.01470382146356,80.56768079320504,112.83704626997024,-1.8637736442168344,14.687569927364347,E4:pooled,E4
sensor:P5,H,14933,43,0.9001393257946398,65.33308042818152,97.52063785774361,-3.4107679150641634,139.40420781950777,209.76055364043964,364.32870711349017,848.9605384647336,0.8629790363477602,0.9312912589896025,56.517707169258415,74.81635838422258,81.38307130311685,113.18955778255446,-12.50682172885016,5.430533511193962,E4:pooled,E4
sensor:P6,D,14926,43,0.9018606384260198,62.024044611969884,95.91892198792235,4.276470790346709,138.6176423189317,209.34421408045807,367.25186491389434,814.885113058568,0.8634575699222392,0.9338031527035546,52.30026705898243,72.00387698594044,78.97304019717062,111.94837169819536,-4.4385569993413885,12.442075078449847,E4:pooled,E4
sensor:P6,H,14926,43,0.9008174139548535,63.62249037637852,96.42738488040006,-1.954485984943916,138.4755694905898,208.3848312207138,364.2231295749659,829.0817269001252,0.8624598617976383,0.9322399583645872,54.402831711719706,73.4345167478787,79.9864204071467,112.3599406017838,-10.978695708730791,6.813191085904138,E4:pooled,E4
sensor:P7,D,14913,43,0.9034487183148578,62.66943553404575,96.51733046159008,7.639092177450019,140.5427899230862,210.72332652843411,368.8378412470278,832.647613058568,0.8669995610573468,0.9342888740775355,53.208149122959064,72.31415960792032,80.01903993817474,111.91537924186093,-0.894944758963873,15.531992435779188,E4:pooled,E4
sensor:P7,H,14913,43,0.9028967103450128,63.997614616308915,96.79284415864093,-2.5675769334372958,139.95700657510767,210.6775773480134,359.54623810813547,847.2547934701431,0.8669235319557618,0.933224327153981,55.08866225148659,73.47845302866891,80.67300855431692,111.99769686655718,-11.50960338072525,6.260892080498809,E4:pooled,E4
sensor:P8,D,14906,43,0.9042165198472397,62.204575267484415,96.35389758868848,1.8122818970095815,140.90020302500793,211.05423042373454,368.36243563418026,810.5017797252345,0.8672352874279574,0.9350907378521587,52.622045428710216,72.13233290293512,79.68462811855056,111.89843820796452,-7.311352901411961,10.394604615638492,E4:pooled,E4
sensor:P8,H,14906,43,0.9021344230981291,64.58225602576019,97.39551557760387,-4.13476135902017,140.11271676246125,210.97046685810892,363.68436379557966,824.632440621043,0.8655765527843935,0.9324295004538276,55.52621058218051,74.27337974621533,81.56351571662505,112.56852686882681,-13.590833725859794,5.0408754073330995,E4:pooled,E4
sensor:Pinc,D,14930,43,0.8301476879416176,98.72514351124258,139.25911840710648,-8.27990708276236,230.41042683238624,307.7461708627344,461.9599787657454,992.8777144911456,0.7748277643743404,0.8745117041181644,86.04375137181553,112.56268846170825,119.69758504778214,158.58616863494294,-29.803200001842725,11.095720808280003,E4:pooled,E4
sensor:Pinc,H,14930,43,0.8803488030476561,78.11652308751964,116.88167690185347,18.75180464855149,188.66595561831298,248.86703357971047,395.4333658085052,972.6855439191926,0.8391525083940017,0.9135374806060865,65.23801683244422,91.14786306238014,100.15322510192914,132.79794400294813,4.67362796221169,33.83435249064546,E4:pooled,E4
sky:sunny,D,39678,12,0.9618408470472151,41.30284883759536,57.89892246720905,-19.35319008164353,77.25783590752246,106.87265049869492,235.65777311624387,468.36153576875427,0.944071280885767,0.9746865948147311,34.42444768338541,48.850915741107556,48.184574241281695,68.15097458000906,-32.66796357017733,-6.180310182086603,E4:pooled,E4
sky:sunny,H,39678,12,0.9726652289179493,39.39485413776074,49.003696229244426,-28.143487622512513,79.1912147049891,90.34657115858461,117.99563538488486,454.41174774645464,0.962352979790862,0.9806874208735981,32.433320776735776,46.609517068233735,41.487493809989246,55.82326707265892,-39.53900328566287,-16.2430389828956,E4:pooled,E4
sky:mixed,D,53341,16,0.8272496080979187,84.80772883694235,127.32391050021934,6.4404137763236085,211.87995554243727,296.40728247399085,436.20180758628425,730.3583453006115,0.7598235462723903,0.8790180424933822,69.64952017296505,101.91641914231124,106.15990591622531,146.96289159551824,-9.582646630691134,21.424484066797007,E4:pooled,E4
sky:mixed,H,53341,16,0.8401682317008933,81.78860271443176,122.47064360665404,1.3062563029798062,204.7754397179139,282.5757642911293,424.85447637067546,669.5397832049478,0.777339773394824,0.8898868478330605,66.35365045163063,99.13306458016169,100.96673799830388,142.61690787877262,-12.464686059889905,14.796696260110965,E4:pooled,E4
sky:cloudy,D,17298,6,0.7077394982298078,71.34565183841055,100.220212600983,5.706474490768089,154.62941175224947,213.28647057666558,323.5565547712222,645.5846456711881,0.6368720396073885,0.7340450074579848,60.83996524549006,83.95045957998585,85.56326796699979,115.1871305576106,0.27314371068586246,11.002945523629604,E4:pooled,E4
sky:cloudy,H,17298,6,0.7001783905481856,72.6819244666852,101.50833925285144,8.607324274056387,163.78812333744196,220.43756043983674,320.5545410335954,583.6057991973623,0.608023084153224,0.7356622717833134,63.765314615679,82.83127073160453,88.60523861434933,114.72184943296709,2.355402600516032,14.514117103400734,E4:pooled,E4
sky:rainy,D,22509,9,0.3619375615968736,63.857753686931375,96.39907490281863,35.26114722157189,117.48778150401357,151.14816690018588,403.6580592804351,992.8777144911456,-1.0654547561070786,0.4346459554937227,47.129115865638816,86.65924770893764,58.153952782911276,137.5186090927699,17.571726084882087,49.96886565954135,E4:pooled,E4
sky:rainy,H,22509,9,0.2835668384593736,68.19436732609239,102.14782328792532,38.808963202571825,135.88885992688927,187.03759448503993,409.5910367063731,972.6855439191926,-1.6376191493825993,0.39986088451629176,51.428948787338285,90.1296977914624,66.70232430607673,141.0625446681725,18.140050005466325,55.785663108643064,E4:pooled,E4
sky:cloudy+rainy,D,39807,15,0.6586674113944275,67.1115950270044,98.07782950833767,22.41826207831959,132.54468926168434,187.3142205931,363.61306858781086,992.8777144911456,0.49164543309358955,0.7550954846211417,54.774352261472266,81.4148680477804,72.35231407532811,124.88259986660002,10.723938498056565,34.78366162790454,E4:pooled,E4
sky:cloudy+rainy,H,39807,15,0.6317588251086319,70.1444204177088,101.87043081003432,25.684941041005764,147.87317638706696,204.2826380002004,353.8250017417019,972.6855439191926,0.4381452108778063,0.7370956016189236,58.68451254467079,83.53365008014558,78.88362766142592,127.02551023275336,12.290505097700319,39.138954499683905,E4:pooled,E4
shade:shaded,D,4032,43,-1.610079366786246,26.866729338397263,36.0733424818287,20.315697331375702,59.559561390202795,76.98445466171734,113.43958096753745,162.7462714215511,-2.9843075392804366,-0.7317245092284984,22.9084203718428,31.27095753782955,30.19196584568515,41.89955100470929,14.270199344996751,26.27111754304284,E4:pooled,E4
shade:shaded,H,4032,43,0.05733083845458231,16.342459825078713,21.67899664620412,-3.1162006411320484,32.49118009096973,43.290208211509174,68.75501809982872,118.79803927541582,-0.21309515381987887,0.28402056697021494,13.715401911266042,19.189098260591198,18.08331072580296,25.36327126955037,-7.824709099721088,1.8566265063164118,E4:pooled,E4
shade:unshaded,D,128526,43,0.8887434657883008,67.8287318563719,103.42831667537592,2.9589409202024535,154.87619150228187,227.26082149474414,388.3328508240778,992.8777144911456,0.8487781699887704,0.9210428550874734,58.180150609798616,77.88227732756349,87.7436572460201,118.94062729514393,-7.388781211456292,12.156333432129241,E4:pooled,E4
shade:unshaded,H,128526,43,0.8943061613964575,67.26244420435786,100.80951572844778,-0.1300371036900657,151.79084335729343,217.3643432487467,370.67106917147873,972.6855439191926,0.8554824681467766,0.926197671962889,57.80175987493617,77.32493213845133,84.67260986206425,116.05744927236137,-10.391026868085936,9.74852715579492,E4:pooled,E4
horizontals,D,117896,43,0.9028246346185244,62.42865212294364,96.20249226230706,5.0185333385419,139.4751982783552,209.73552159210976,367.6900711589942,845.335113058568,0.8651365878011851,0.9341551611232438,52.87804129672493,72.21356171060495,79.87735705161873,111.9369687334682,-3.868695370560133,13.186254609421187,E4:pooled,E4
horizontals,H,117896,43,0.9016343471678274,64.05437108756567,96.78988444773984,-2.5829907699359014,139.18028872470026,209.1790545508419,361.15996555093903,859.5411564911938,0.8642152840051417,0.9324094521216946,55.02028315532401,73.71899005647023,81.08242082498332,112.14060123574924,-11.871549043787622,6.418393521567471,E4:pooled,E4
