run,experiment,family,max_depth,n_estimators,min_child_weight,colsample_bytree
E1,E1,H+D,2,300,200,0.5
E1,E1,C,3,300,200,0.8
E2:P0,E2,H+D,2,300,200,0.5
E2:P1,E2,H+D,2,300,200,0.5
E2:P3,E2,H+D,2,300,200,0.5
E2:P4,E2,H+D,2,300,200,0.5
E2:P5,E2,H+D,2,300,200,0.5
E2:P6,E2,H+D,2,300,200,0.5
E2:P7,E2,H+D,2,300,200,0.5
E2:P8,E2,H+D,2,300,200,0.5
E2:Pinc,E2,H+D,2,300,200,0.5
E3,E3,H+D,2,300,200,0.5
E3,E3,C,3,300,200,0.8
E4:2025-04,E4,H+D,2,300,200,1.0
E4:2025-04,E4,C,4,300,200,0.8
E4:2025-05,E4,H+D,2,300,200,1.0
E4:2025-05,E4,C,2,800,200,0.8
E4:2025-06,E4,H+D,2,300,200,0.5
E4:2025-06,E4,C,3,300,200,0.8
E4:2025-07,E4,H+D,2,300,200,0.5
E4:2025-07,E4,C,3,300,200,0.8
E4:2025-08,E4,H+D,2,300,200,0.5
E4:2025-08,E4,C,3,300,200,0.8
E4:2025-09,E4,H+D,2,300,200,0.5
E4:2025-09,E4,C,3,300,200,0.8
E4:2025-10,E4,H+D,2,300,200,0.5
E4:2025-10,E4,C,3,300,200,0.8
E4:2025-11,E4,H+D,2,300,200,0.5
E4:2025-11,E4,C,3,300,200,0.8
E4:2025-12,E4,H+D,2,300,200,0.5
E4:2025-12,E4,C,3,300,200,0.8
