max_depth,n_estimators,min_child_weight,colsample_bytree,mean_score,se,within_one_se,chosen
2,100,20,0.8,185.31248729346453,7.891334895342289,False,False
2,100,70,0.8,185.31248729346453,7.891334895342289,False,False
2,100,200,0.8,185.31248729346453,7.891334895342289,False,False
2,300,20,0.8,106.46691151005852,7.745593592772723,False,False
2,300,70,0.8,106.46691151005852,7.745593592772723,False,False
2,300,200,0.8,106.46691151005852,7.745593592772723,False,False
2,800,20,0.8,90.30747297240397,8.352542637163356,True,False
2,800,70,0.8,90.23348563396924,8.377475148510527,True,False
2,800,200,0.8,90.23366298238152,8.366774200807127,True,False
3,100,20,0.8,169.48640671774925,6.7278488231100795,False,False
3,100,70,0.8,169.48421551823878,6.7274270073854785,False,False
3,100,200,0.8,169.48812265392388,6.728611608293096,False,False
3,300,20,0.8,94.26529515494798,8.04754567758874,False,False
3,300,70,0.8,94.27104354687745,8.047007937709838,False,False
3,300,200,0.8,94.32057336750498,8.035528340570607,False,False
3,800,20,0.8,85.2132654873487,9.284351233599493,True,False
3,800,70,0.8,85.22028333314495,9.261413393952214,True,False
3,800,200,0.8,85.24687820423208,9.273555391485331,True,False
4,100,20,0.8,163.22330456217148,6.258539339422173,False,False
4,100,70,0.8,163.22212717134926,6.25712256402588,False,False
4,100,200,0.8,163.15472433201904,6.261767341962627,False,False
4,300,20,0.8,91.37857695453154,8.40990275622054,True,False
4,300,70,0.8,91.33587381414426,8.411185601999131,True,False
4,300,200,0.8,91.15467755383983,8.48408570968525,True,True
4,800,20,0.8,84.4985421089512,9.499981925580936,True,False
4,800,70,0.8,84.43044554516949,9.503330472983134,True,False
4,800,200,0.8,84.30368865408326,9.568660121386127,True,False
5,100,20,0.8,162.0451092843924,6.312552716646759,False,False
5,100,70,0.8,162.05646834374127,6.313142231688813,False,False
5,100,200,0.8,161.50676031340953,6.29778875064993,False,False
5,300,20,0.8,92.4057664360599,8.463939719038494,True,False
5,300,70,0.8,92.29829580379803,8.557285915812406,True,False
5,300,200,0.8,91.52589143432718,8.555465073580525,True,False
5,800,20,0.8,86.3506386380682,9.548502295601622,True,False
5,800,70,0.8,86.18017905840942,9.67723826266845,True,False
5,800,200,0.8,85.06144998725867,9.649274130299265,True,False
