date_local,k_med,clear_frac,dark_frac,real_coverage,sky,shade_P1,shade_P3,shade_P5,shade_P7,p1_shaded,ok_P0,ok_P1,ok_P3,ok_P5,ok_P7,blackout_rows,month,tfg_day,usable,test_eligible,split
2025-04-03,0.1877,0.0,0.9151,0.8475,rainy,0,11,28,22,False,0.8475,0.8475,0.8475,0.8475,0.8475,0,2025-04,False,True,False,train
2025-04-04,0.3407,0.0435,0.4541,0.6977,rainy,0,10,28,22,False,0.6977,0.6977,0.6977,0.6977,0.6977,0,2025-04,False,False,False,unusable
2025-04-11,0.2847,0.1201,0.5194,1.0,rainy,0,13,34,26,False,1.0,1.0,1.0,1.0,1.0,0,2025-04,True,True,True,test
2025-04-12,0.4256,0.0528,0.2148,1.0,cloudy,0,13,29,26,False,1.0,1.0,1.0,1.0,1.0,0,2025-04,False,True,True,train
2025-04-15,0.3652,0.1765,0.4256,1.0,rainy,0,15,27,29,False,0.9973,1.0,1.0,0.9946,0.9973,0,2025-04,False,True,True,train
2025-04-20,0.8297,0.4949,0.0,1.0,mixed,0,22,27,30,False,1.0,1.0,1.0,1.0,1.0,0,2025-04,True,True,True,test
2025-04-30,0.4621,0.2368,0.3059,1.0,cloudy,0,26,24,26,False,0.9818,0.9714,0.9844,0.987,0.987,0,2025-04,False,True,True,train
2025-05-01,0.54,0.3803,0.1377,1.0,mixed,0,26,22,26,False,0.9897,0.9948,0.9819,0.9845,0.9793,0,2025-05,False,True,True,train
2025-05-02,0.4925,0.3431,0.3627,1.0,mixed,0,25,21,26,False,1.0,1.0,1.0,1.0,1.0,0,2025-05,False,True,True,train
2025-05-05,0.4008,0.1424,0.4175,1.0,cloudy,0,22,20,26,False,1.0,1.0,1.0,1.0,1.0,0,2025-05,False,True,True,test
2025-05-06,1.0126,0.5548,0.0032,1.0,mixed,0,20,19,26,False,1.0,1.0,1.0,1.0,1.0,0,2025-05,False,True,True,train
2025-05-21,1.0279,0.9164,0.0,1.0,sunny,0,26,20,26,False,1.0,1.0,1.0,1.0,1.0,0,2025-05,False,True,True,train
2025-05-26,1.0094,0.8067,0.0,1.0,mixed,0,26,23,26,False,1.0,1.0,1.0,1.0,1.0,0,2025-05,False,True,True,test
2025-05-31,0.9817,0.8293,0.0,1.0,mixed,0,23,22,25,False,1.0,1.0,1.0,1.0,1.0,0,2025-05,False,True,True,train
2025-06-01,0.8613,0.5396,0.0,1.0,mixed,0,22,21,25,False,1.0,1.0,1.0,1.0,1.0,0,2025-06,False,True,True,test
2025-06-05,1.0036,1.0,0.0,1.0,sunny,0,22,21,25,False,1.0,1.0,1.0,1.0,1.0,0,2025-06,False,True,True,train
2025-06-13,0.7382,0.4675,0.013,0.2878,mixed,0,23,19,24,False,0.2806,0.283,0.2758,0.2854,0.2782,0,2025-06,False,False,False,unusable
2025-06-17,0.9485,0.6084,0.2711,1.0,mixed,0,22,18,24,False,1.0,1.0,1.0,1.0,1.0,0,2025-06,False,True,True,train
2025-06-22,0.9635,0.6547,0.1081,1.0,mixed,0,23,18,23,False,1.0,1.0,1.0,1.0,1.0,0,2025-06,False,True,True,train
2025-06-26,1.0285,1.0,0.0,1.0,sunny,0,23,18,24,False,1.0,1.0,1.0,1.0,1.0,0,2025-06,False,True,True,train
2025-06-30,0.9796,0.6687,0.3253,1.0,mixed,0,22,18,24,False,1.0,1.0,1.0,1.0,1.0,0,2025-06,False,True,True,train
2025-07-01,0.9898,0.9608,0.0,1.0,sunny,0,22,19,23,False,1.0,1.0,1.0,1.0,1.0,0,2025-07,False,True,True,test
2025-07-06,0.9933,0.7462,0.0876,1.0,mixed,0,21,19,24,False,1.0,0.0,1.0,1.0,1.0,0,2025-07,False,True,False,train
2025-07-12,1.0141,0.6433,0.0518,1.0,mixed,0,23,22,26,False,1.0,0.0,1.0,1.0,1.0,0,2025-07,False,True,False,train
2025-07-16,1.0042,1.0,0.0,1.0,sunny,0,25,23,25,False,1.0,0.0,1.0,1.0,1.0,0,2025-07,False,True,False,train
2025-07-21,1.0308,1.0,0.0,0.9975,sunny,0,26,20,25,False,0.6222,0.0,0.6222,0.6247,0.6247,1211,2025-07,False,True,False,train
2025-07-26,1.0334,1.0,0.0,1.0,sunny,0,24,20,27,False,1.0,1.0,1.0,1.0,1.0,0,2025-07,False,True,True,train
2025-07-31,0.9746,0.8921,0.0,1.0,sunny,0,21,17,27,False,1.0,1.0,1.0,1.0,0.9899,0,2025-07,False,True,True,train
2025-08-01,0.7162,0.3206,0.0254,1.0,mixed,0,21,18,27,False,1.0,1.0,1.0,1.0,1.0,0,2025-08,False,True,True,train
2025-08-02,0.9756,0.7452,0.0,1.0,mixed,0,21,18,26,False,1.0,1.0,1.0,1.0,1.0,0,2025-08,False,True,True,train
2025-08-03,0.9779,0.9585,0.0,1.0,sunny,0,20,17,26,False,1.0,1.0,1.0,1.0,1.0,0,2025-08,False,True,True,train
2025-08-04,0.9787,1.0,0.0,0.9797,sunny,0,21,19,27,False,0.9797,0.9797,0.9797,0.9797,0.9797,0,2025-08,False,True,True,train
2025-08-05,0.9724,1.0,0.0,1.0,sunny,0,21,19,27,False,1.0,1.0,1.0,1.0,1.0,0,2025-08,False,True,True,test
2025-08-06,0.9715,0.7774,0.0065,1.0,mixed,0,21,20,27,False,1.0,1.0,1.0,1.0,1.0,0,2025-08,False,True,True,train
2025-09-07,0.4431,0.0473,0.16,1.0,cloudy,0,11,29,22,False,1.0,1.0,1.0,1.0,1.0,0,2025-09,False,True,True,train
2025-09-13,0.946,0.6554,0.0,1.0,mixed,0,11,25,21,False,1.0,1.0,1.0,1.0,1.0,0,2025-09,False,True,True,train
2025-09-17,1.0055,1.0,0.0,1.0,sunny,6,16,23,23,False,1.0,1.0,1.0,1.0,1.0,0,2025-09,False,True,True,train
2025-09-21,1.0527,0.9961,0.0,1.0,sunny,19,16,20,31,True,1.0,1.0,1.0,1.0,1.0,0,2025-09,False,True,True,train
2025-09-26,1.0531,1.0,0.0,1.0,sunny,31,18,29,29,True,1.0,1.0,1.0,1.0,0.9576,0,2025-09,False,True,True,train
2025-09-28,0.491,0.0,0.0935,1.0,cloudy,31,18,29,32,True,1.0,1.0,1.0,1.0,1.0,0,2025-09,False,True,True,test
2025-09-30,0.5082,0.1736,0.0124,1.0,cloudy,30,17,29,32,True,1.0,1.0,1.0,1.0,1.0,0,2025-09,False,True,True,test
2025-10-07,1.0257,1.0,0.0,1.0,sunny,33,14,30,28,True,1.0,1.0,1.0,1.0,1.0,0,2025-10,True,True,True,test
2025-10-19,0.5912,0.2417,0.0332,1.0,cloudy,23,7,33,26,True,1.0,1.0,1.0,1.0,1.0,0,2025-10,False,True,True,train
2025-10-21,0.7995,0.4879,0.2077,1.0,mixed,23,6,32,27,True,1.0,1.0,1.0,1.0,1.0,0,2025-10,False,True,True,test
2025-10-23,1.1268,0.8333,0.0539,1.0,mixed,24,7,33,27,True,1.0,1.0,1.0,1.0,1.0,0,2025-10,False,True,True,train
2025-10-28,1.0529,0.768,0.0,1.0,mixed,24,12,34,28,True,1.0,1.0,1.0,1.0,1.0,0,2025-10,False,True,True,train
2025-10-29,0.2261,0.0,0.8041,1.0,rainy,24,13,33,28,True,1.0,1.0,1.0,1.0,1.0,0,2025-10,False,True,True,train
2025-10-31,0.2644,0.0,0.7158,1.0,rainy,25,15,34,28,True,1.0,1.0,1.0,1.0,1.0,0,2025-10,False,True,True,train
2025-11-01,0.5276,0.1596,0.0957,1.0,cloudy,25,19,34,29,True,1.0,1.0,1.0,1.0,1.0,0,2025-11,False,True,True,train
2025-11-07,0.2048,0.0847,0.6215,1.0,rainy,30,14,34,32,True,1.0,1.0,0.9964,0.9964,1.0,0,2025-11,False,True,True,test
2025-11-13,0.1057,0.0,0.8735,1.0,rainy,31,13,33,29,True,1.0,1.0,1.0,1.0,1.0,0,2025-11,False,True,True,train
2025-11-15,0.1709,0.0,0.9512,1.0,rainy,28,10,36,28,True,1.0,1.0,1.0,1.0,1.0,0,2025-11,False,True,True,train
2025-11-19,0.8937,0.5478,0.0,1.0,mixed,25,10,35,26,True,0.9962,0.9885,0.9885,0.9923,0.9923,0,2025-11,False,True,True,train
2025-11-24,0.3831,0.0,0.2162,1.0,rainy,21,9,34,24,True,1.0,1.0,1.0,1.0,0.9961,0,2025-11,False,True,True,test
2025-12-10,0.2097,0.0,0.8992,1.0,rainy,13,14,30,27,True,1.0,1.0,1.0,1.0,1.0,0,2025-12,False,True,True,train
2025-12-12,0.3853,0.0,0.1984,1.0,rainy,13,15,28,25,True,1.0,1.0,1.0,1.0,1.0,0,2025-12,False,True,True,test
2025-12-14,0.4754,0.016,0.072,1.0,cloudy,12,15,28,25,True,1.0,1.0,1.0,1.0,1.0,0,2025-12,False,True,True,test
2025-12-16,0.309,0.0565,0.4919,1.0,rainy,11,15,28,24,True,1.0,1.0,1.0,1.0,1.0,0,2025-12,False,True,True,train
2025-12-19,0.3989,0.0081,0.065,1.0,rainy,12,15,28,24,True,1.0,1.0,1.0,1.0,1.0,0,2025-12,False,True,True,train
2025-12-23,0.5256,0.1707,0.0976,1.0,cloudy,11,15,28,25,True,1.0,1.0,1.0,1.0,1.0,0,2025-12,False,True,True,train
