run,model,feature,gain
E1,D,clearsky_ghi_wm2,15.776131629943848
E1,D,cloud_opacity,558.0192260742188
E1,H,sim_irradiance_wm2,16.4018497467041
E1,H,cloud_opacity,549.5829467773438
E1,C,cloud_opacity,226490224.0
E1,C,zenith,248466112.0
E1,C,azimuth,67397000.0
E1,C,precipitable_water,31724416.0
E1,C,sensor_P0,0.0
E1,C,sensor_P1,0.0
E1,C,sensor_P3,0.0
E1,C,sensor_P4,0.0
E1,C,sensor_P5,0.0
E1,C,sensor_P6,0.0
E1,C,sensor_P7,0.0
E1,C,sensor_P8,0.0
E1,C,sensor_Pinc,9949922.0
E2:P0,D,clearsky_ghi_wm2,13.528428077697754
E2:P0,D,cloud_opacity,492.9730529785156
E2:P0,H,sim_irradiance_wm2,14.54360580444336
E2:P0,H,cloud_opacity,485.76446533203125
E2:P1,D,clearsky_ghi_wm2,14.167304039001465
E2:P1,D,cloud_opacity,500.95123291015625
E2:P1,H,sim_irradiance_wm2,15.32347583770752
E2:P1,H,cloud_opacity,493.3068542480469
E2:P3,D,clearsky_ghi_wm2,14.445210456848145
E2:P3,D,cloud_opacity,498.265380859375
E2:P3,H,sim_irradiance_wm2,14.834073066711426
E2:P3,H,cloud_opacity,489.8073425292969
E2:P4,D,clearsky_ghi_wm2,13.67032241821289
E2:P4,D,cloud_opacity,499.02923583984375
E2:P4,H,sim_irradiance_wm2,14.73897933959961
E2:P4,H,cloud_opacity,491.60400390625
E2:P5,D,clearsky_ghi_wm2,14.542577743530273
E2:P5,D,cloud_opacity,497.9889831542969
E2:P5,H,sim_irradiance_wm2,13.726890563964844
E2:P5,H,cloud_opacity,491.7622985839844
E2:P6,D,clearsky_ghi_wm2,13.795489311218262
E2:P6,D,cloud_opacity,495.8045654296875
E2:P6,H,sim_irradiance_wm2,14.76418685913086
E2:P6,H,cloud_opacity,488.65338134765625
E2:P7,D,clearsky_ghi_wm2,14.733850479125977
E2:P7,D,cloud_opacity,500.3015441894531
E2:P7,H,sim_irradiance_wm2,13.961182594299316
E2:P7,H,cloud_opacity,491.840087890625
E2:P8,D,clearsky_ghi_wm2,13.674556732177734
E2:P8,D,cloud_opacity,495.9006652832031
E2:P8,H,sim_irradiance_wm2,14.90063762664795
E2:P8,H,cloud_opacity,488.56427001953125
E2:Pinc,D,clearsky_ghi_wm2,14.867870330810547
E2:Pinc,D,cloud_opacity,488.8034362792969
E2:Pinc,H,sim_irradiance_wm2,15.342530250549316
E2:Pinc,H,cloud_opacity,480.59368896484375
E3,D,clearsky_ghi_wm2,19.597942352294922
E3,D,cloud_opacity,560.937744140625
E3,H,sim_irradiance_wm2,14.756318092346191
E3,H,cloud_opacity,554.0925903320312
E3,C,cloud_opacity,239277936.0
E3,C,zenith,232738384.0
E3,C,azimuth,63518516.0
E3,C,precipitable_water,31266608.0
E3,C,sensor_P0,0.0
E3,C,sensor_P1,0.0
E3,C,sensor_P3,0.0
E3,C,sensor_P4,806792.0
E3,C,sensor_P5,0.0
E3,C,sensor_P6,0.0
E3,C,sensor_P7,0.0
E3,C,sensor_P8,0.0
E3,C,sensor_Pinc,9638151.0
E4:2025-04,D,clearsky_ghi_wm2,13.00190544128418
E4:2025-04,D,cloud_opacity,343.5198059082031
E4:2025-04,H,sim_irradiance_wm2,19.43177604675293
E4:2025-04,H,cloud_opacity,338.4394226074219
E4:2025-04,C,cloud_opacity,75464472.0
E4:2025-04,C,zenith,162820336.0
E4:2025-04,C,azimuth,28518194.0
E4:2025-04,C,precipitable_water,12673495.0
E4:2025-04,C,sensor_P0,511493.0
E4:2025-04,C,sensor_P1,0.0
E4:2025-04,C,sensor_P3,0.0
E4:2025-04,C,sensor_P4,1090013.0
E4:2025-04,C,sensor_P5,0.0
E4:2025-04,C,sensor_P6,0.0
E4:2025-04,C,sensor_P7,247964.078125
E4:2025-04,C,sensor_P8,857679.625
E4:2025-04,C,sensor_Pinc,5492090.5
E4:2025-05,D,clearsky_ghi_wm2,13.915610313415527
E4:2025-05,D,cloud_opacity,364.1889343261719
E4:2025-05,H,sim_irradiance_wm2,21.381641387939453
E4:2025-05,H,cloud_opacity,360.69781494140625
E4:2025-05,C,cloud_opacity,197374656.0
E4:2025-05,C,zenith,231056896.0
E4:2025-05,C,azimuth,34318188.0
E4:2025-05,C,precipitable_water,4560067.0
E4:2025-05,C,sensor_P0,235428.625
E4:2025-05,C,sensor_P1,0.0
E4:2025-05,C,sensor_P3,0.0
E4:2025-05,C,sensor_P4,0.0
E4:2025-05,C,sensor_P5,0.0
E4:2025-05,C,sensor_P6,0.0
E4:2025-05,C,sensor_P7,0.0
E4:2025-05,C,sensor_P8,0.0
E4:2025-05,C,sensor_Pinc,6323342.5
E4:2025-06,D,clearsky_ghi_wm2,15.343092918395996
E4:2025-06,D,cloud_opacity,467.5967712402344
E4:2025-06,H,sim_irradiance_wm2,15.609318733215332
E4:2025-06,H,cloud_opacity,459.9281311035156
E4:2025-06,C,cloud_opacity,169868704.0
E4:2025-06,C,zenith,215618112.0
E4:2025-06,C,azimuth,50443308.0
E4:2025-06,C,precipitable_water,22838112.0
E4:2025-06,C,sensor_P0,0.0
E4:2025-06,C,sensor_P1,0.0
E4:2025-06,C,sensor_P3,0.0
E4:2025-06,C,sensor_P4,0.0
E4:2025-06,C,sensor_P5,0.0
E4:2025-06,C,sensor_P6,0.0
E4:2025-06,C,sensor_P7,0.0
E4:2025-06,C,sensor_P8,0.0
E4:2025-06,C,sensor_Pinc,8572918.0
E4:2025-07,D,clearsky_ghi_wm2,12.636895179748535
E4:2025-07,D,cloud_opacity,511.95599365234375
E4:2025-07,H,sim_irradiance_wm2,14.508752822875977
E4:2025-07,H,cloud_opacity,502.5382995605469
E4:2025-07,C,cloud_opacity,217277552.0
E4:2025-07,C,zenith,175696768.0
E4:2025-07,C,azimuth,48766028.0
E4:2025-07,C,precipitable_water,28239556.0
E4:2025-07,C,sensor_P0,0.0
E4:2025-07,C,sensor_P1,0.0
E4:2025-07,C,sensor_P3,0.0
E4:2025-07,C,sensor_P4,0.0
E4:2025-07,C,sensor_P5,0.0
E4:2025-07,C,sensor_P6,0.0
E4:2025-07,C,sensor_P7,0.0
E4:2025-07,C,sensor_P8,0.0
E4:2025-07,C,sensor_Pinc,7804242.5
E4:2025-08,D,clearsky_ghi_wm2,14.19996452331543
E4:2025-08,D,cloud_opacity,536.366455078125
E4:2025-08,H,sim_irradiance_wm2,14.521194458007812
E4:2025-08,H,cloud_opacity,526.8779907226562
E4:2025-08,C,cloud_opacity,247546144.0
E4:2025-08,C,zenith,187272224.0
E4:2025-08,C,azimuth,44050316.0
E4:2025-08,C,precipitable_water,35013300.0
E4:2025-08,C,sensor_P0,0.0
E4:2025-08,C,sensor_P1,0.0
E4:2025-08,C,sensor_P3,0.0
E4:2025-08,C,sensor_P4,0.0
E4:2025-08,C,sensor_P5,0.0
E4:2025-08,C,sensor_P6,0.0
E4:2025-08,C,sensor_P7,0.0
E4:2025-08,C,sensor_P8,0.0
E4:2025-08,C,sensor_Pinc,9410853.0
E4:2025-09,D,clearsky_ghi_wm2,18.555618286132812
E4:2025-09,D,cloud_opacity,504.608642578125
E4:2025-09,H,sim_irradiance_wm2,20.191322326660156
E4:2025-09,H,cloud_opacity,501.68743896484375
E4:2025-09,C,cloud_opacity,218663056.0
E4:2025-09,C,zenith,231702864.0
E4:2025-09,C,azimuth,67377232.0
E4:2025-09,C,precipitable_water,19834444.0
E4:2025-09,C,sensor_P0,0.0
E4:2025-09,C,sensor_P1,0.0
E4:2025-09,C,sensor_P3,0.0
E4:2025-09,C,sensor_P4,597120.0
E4:2025-09,C,sensor_P5,0.0
E4:2025-09,C,sensor_P6,0.0
E4:2025-09,C,sensor_P7,0.0
E4:2025-09,C,sensor_P8,0.0
E4:2025-09,C,sensor_Pinc,8694170.0
E4:2025-10,D,clearsky_ghi_wm2,15.103351593017578
E4:2025-10,D,cloud_opacity,482.1844482421875
E4:2025-10,H,sim_irradiance_wm2,14.370087623596191
E4:2025-10,H,cloud_opacity,477.92529296875
E4:2025-10,C,cloud_opacity,196212832.0
E4:2025-10,C,zenith,248346976.0
E4:2025-10,C,azimuth,65895620.0
E4:2025-10,C,precipitable_water,26610438.0
E4:2025-10,C,sensor_P0,0.0
E4:2025-10,C,sensor_P1,0.0
E4:2025-10,C,sensor_P3,0.0
E4:2025-10,C,sensor_P4,0.0
E4:2025-10,C,sensor_P5,0.0
E4:2025-10,C,sensor_P6,0.0
E4:2025-10,C,sensor_P7,0.0
E4:2025-10,C,sensor_P8,0.0
E4:2025-10,C,sensor_Pinc,8937937.0
E4:2025-11,D,clearsky_ghi_wm2,13.218782424926758
E4:2025-11,D,cloud_opacity,480.981689453125
E4:2025-11,H,sim_irradiance_wm2,13.265180587768555
E4:2025-11,H,cloud_opacity,473.6638488769531
E4:2025-11,C,cloud_opacity,204769168.0
E4:2025-11,C,zenith,233977456.0
E4:2025-11,C,azimuth,68433992.0
E4:2025-11,C,precipitable_water,29824678.0
E4:2025-11,C,sensor_P0,0.0
E4:2025-11,C,sensor_P1,0.0
E4:2025-11,C,sensor_P3,0.0
E4:2025-11,C,sensor_P4,0.0
E4:2025-11,C,sensor_P5,0.0
E4:2025-11,C,sensor_P6,0.0
E4:2025-11,C,sensor_P7,0.0
E4:2025-11,C,sensor_P8,0.0
E4:2025-11,C,sensor_Pinc,9595857.0
E4:2025-12,D,clearsky_ghi_wm2,14.274128913879395
E4:2025-12,D,cloud_opacity,497.68951416015625
E4:2025-12,H,sim_irradiance_wm2,13.742778778076172
E4:2025-12,H,cloud_opacity,487.3893127441406
E4:2025-12,C,cloud_opacity,206582560.0
E4:2025-12,C,zenith,229440336.0
E4:2025-12,C,azimuth,70801928.0
E4:2025-12,C,precipitable_water,31586724.0
E4:2025-12,C,sensor_P0,0.0
E4:2025-12,C,sensor_P1,0.0
E4:2025-12,C,sensor_P3,0.0
E4:2025-12,C,sensor_P4,0.0
E4:2025-12,C,sensor_P5,0.0
E4:2025-12,C,sensor_P6,0.0
E4:2025-12,C,sensor_P7,0.0
E4:2025-12,C,sensor_P8,0.0
E4:2025-12,C,sensor_Pinc,10301721.0
