run,experiment,model,train_rmse,cv_rmse,score_rmse
E1,E1,P-cs,99.17879212233123,,107.91412302100801
E1,E1,P-sim,94.8447000969078,,105.77887398266482
E1,E1,D,104.17714610751854,,112.97953594906855
E1,E1,H,101.0839616439604,,111.71291533961367
E1,E1,C,97.0497594231442,,112.38830027201818
E2:P0,E2,P-cs,99.73995025932413,,103.18123972588536
E2:P0,E2,P-sim,94.86915587419885,,103.87276521221246
E2:P0,E2,D,104.80128496820073,,108.98098775841834
E2:P0,E2,H,101.25133799567554,,109.47526233677753
E2:P1,E2,P-cs,100.02416254417027,,104.3557207353997
E2:P1,E2,P-sim,95.2566833987729,,104.83730692887686
E2:P1,E2,D,104.77042139028654,,108.96779418263637
E2:P1,E2,H,101.30918907617803,,109.06166613679177
E2:P3,E2,P-cs,99.86360216138331,,103.17353940650243
E2:P3,E2,P-sim,95.02298833232184,,103.91101272515257
E2:P3,E2,D,104.80579287308251,,108.00960708169595
E2:P3,E2,H,101.29746167267082,,108.50342320555094
E2:P4,E2,P-cs,100.02595365663568,,101.89093410624136
E2:P4,E2,P-sim,95.23365313777948,,102.22014776196457
E2:P4,E2,D,105.107462906285,,106.18526629824335
E2:P4,E2,H,101.68815340503298,,105.88703646603544
E2:P5,E2,P-cs,99.78046780786568,,103.7603231391834
E2:P5,E2,P-sim,94.96720566990501,,104.61223208680046
E2:P5,E2,D,104.81988990156013,,108.4893801160353
E2:P5,E2,H,101.26056623440086,,109.01981551748095
E2:P6,E2,P-cs,99.90112135807952,,102.68935601220505
E2:P6,E2,P-sim,95.07800513294755,,103.18353613608832
E2:P6,E2,D,104.99665294164522,,107.14002098353224
E2:P6,E2,H,101.52298048332621,,107.23702990668758
E2:P7,E2,P-cs,99.8561969719887,,102.36161059743492
E2:P7,E2,P-sim,95.06492298084554,,103.03812148331025
E2:P7,E2,D,104.72333004571699,,107.08218488088006
E2:P7,E2,H,101.23136862449977,,107.5144702523111
E2:P8,E2,P-cs,99.88278572102155,,103.07257489413065
E2:P8,E2,P-sim,95.02711812728829,,103.71501285035066
E2:P8,E2,D,104.85631642375657,,107.987345806591
E2:P8,E2,H,101.33014212852541,,108.2187742477274
E2:Pinc,E2,P-cs,93.3266495657196,,140.8624826606506
E2:Pinc,E2,P-sim,92.98247843813444,,122.88508969979266
E2:Pinc,E2,D,98.44779856496788,,148.0511322158189
E2:Pinc,E2,H,98.68436508020733,,140.87645488594788
E3,E3,P-cs,99.57813873535018,,46.45862711329963
E3,E3,P-sim,95.31788753502995,,44.4882650863925
E3,E3,D,104.25040106209842,,49.263238299335754
E3,E3,H,101.13784180932409,,40.51162231069242
E3,E3,C,97.4201378914466,,96.13462122516538
E4:2025-04,E4,P-cs,94.10335656774275,,138.15348595224546
E4:2025-04,E4,P-sim,88.99275425837052,,138.51596864243
E4:2025-04,E4,D,92.60000761779384,,137.6679590879293
E4:2025-04,E4,H,88.29504046229542,,137.61387914557616
E4:2025-04,E4,C,86.56362346203228,,142.57158984778422
E4:2025-05,E4,P-cs,89.4543714444606,,147.23149692424408
E4:2025-05,E4,P-sim,84.14921167917294,,146.30289945184677
E4:2025-05,E4,D,88.32736247259287,,145.17160064920859
E4:2025-05,E4,H,83.84612663983285,,143.74381451641602
E4:2025-05,E4,C,81.79481431694862,,144.983180929598
E4:2025-06,E4,P-cs,104.4484693618096,,58.90140076568898
E4:2025-06,E4,P-sim,100.15391962815204,,53.27341900501663
E4:2025-06,E4,D,108.18179120343893,,85.20833061307518
E4:2025-06,E4,H,105.18268701740239,,80.14184958543703
E4:2025-06,E4,C,101.02049230116643,,77.60055653496278
E4:2025-07,E4,P-cs,99.22797772385958,,99.60323491106121
E4:2025-07,E4,P-sim,95.4279128302769,,91.9074882024431
E4:2025-07,E4,D,105.45024996281326,,99.86478301543569
E4:2025-07,E4,H,102.7010838607633,,95.21628517504273
E4:2025-07,E4,C,98.54441611861908,,101.77362418612715
E4:2025-08,E4,P-cs,101.76759696228592,,81.1085859562772
E4:2025-08,E4,P-sim,97.2765957056624,,77.76456501829755
E4:2025-08,E4,D,106.33400233113309,,84.12461216028488
E4:2025-08,E4,H,103.20476687964788,,81.19962867194673
E4:2025-08,E4,C,98.6601413893441,,84.04817235516903
E4:2025-09,E4,P-cs,102.34586482878377,,70.6169485066807
E4:2025-09,E4,P-sim,98.98687682728111,,53.80369482047941
E4:2025-09,E4,D,107.0057840827748,,84.41311441760507
E4:2025-09,E4,H,104.79735756165657,,70.00598731854147
E4:2025-09,E4,C,100.06260582896789,,81.3769628227148
E4:2025-10,E4,P-cs,98.48282470068789,,105.6234245881049
E4:2025-10,E4,P-sim,94.85744027944251,,94.86352078284862
E4:2025-10,E4,D,103.18715587463974,,115.2662540260687
E4:2025-10,E4,H,100.69423148722011,,106.01861193281529
E4:2025-10,E4,C,96.02880396856365,,109.77596192737755
E4:2025-11,E4,P-cs,100.19123180105808,,84.75843573694118
E4:2025-11,E4,P-sim,95.76608795364551,,81.84904345591234
E4:2025-11,E4,D,105.32715415648451,,94.24305260399277
E4:2025-11,E4,H,102.09054814829227,,94.45929515443096
E4:2025-11,E4,C,97.47613339481379,,101.12817097757274
E4:2025-12,E4,P-cs,101.31833326374236,,57.591845461361416
E4:2025-12,E4,P-sim,96.51499212475714,,64.52848090398813
E4:2025-12,E4,D,106.2157924624519,,67.44761006485528
E4:2025-12,E4,H,102.63958064358202,,78.74807143597552
E4:2025-12,E4,C,98.82973996519577,,79.47903613382111
