run,model,a,b
E1,P-cs,0.9748741549455755,0.8348918274345482
E1,P-sim,0.9811683900818541,0.825962498216557
E2:P0,P-cs,0.9741547418684479,0.8329094377805089
E2:P0,P-sim,0.98106147470425,0.8219105207247269
E2:P1,P-cs,0.9736430492396302,0.8297702018135168
E2:P1,P-sim,0.9806554371540708,0.8189490985882453
E2:P3,P-cs,0.9751880499434361,0.8355047186220255
E2:P3,P-sim,0.9819316898713769,0.8237632734693783
E2:P4,P-cs,0.9763675514995337,0.8398733677471389
E2:P4,P-sim,0.983225519018419,0.8285903085811342
E2:P5,P-cs,0.9759443440381985,0.8377695940892534
E2:P5,P-sim,0.982554080473806,0.8252993120072832
E2:P6,P-cs,0.9759984405934619,0.836618161704384
E2:P6,P-sim,0.9828730723509544,0.8255504764659917
E2:P7,P-cs,0.9754913595579333,0.8372018710681872
E2:P7,P-sim,0.9820953218583428,0.8247700212829063
E2:P8,P-cs,0.9748628159019452,0.8335919075893398
E2:P8,P-sim,0.9817988545221444,0.822793372841163
E2:Pinc,P-cs,0.9722284053024788,0.8308373564051785
E2:Pinc,P-sim,0.9740104608957271,0.843322705286253
E3,P-cs,0.9751593257211605,0.8354529803142824
E3,P-sim,0.9812408999190644,0.8257042420493956
E4:2025-04,P-cs,0.9893155272395827,0.8311803807087553
E4:2025-04,P-sim,0.9999999999999999,0.8251316524158087
E4:2025-05,P-cs,0.9757992717166017,0.8026912350154772
E4:2025-05,P-sim,0.9805729301550884,0.7867188281854941
E4:2025-06,P-cs,0.9538492223984936,0.8042559629994223
E4:2025-06,P-sim,0.9636775580853466,0.797870288067809
E4:2025-07,P-cs,0.9916628988513642,0.8885932712945188
E4:2025-07,P-sim,0.9952331134708898,0.870178729100316
E4:2025-08,P-cs,0.9862217701961291,0.8738623368722815
E4:2025-08,P-sim,0.9901543352601676,0.855947051017681
E4:2025-09,P-cs,0.9760686191987392,0.8342093450344257
E4:2025-09,P-sim,0.9834212526138831,0.8281123494352635
E4:2025-10,P-cs,0.9645847876730241,0.8173565119275397
E4:2025-10,P-sim,0.9709554558465922,0.8144737871059122
E4:2025-11,P-cs,0.9664804467598607,0.8235897942279954
E4:2025-11,P-sim,0.9724974554930257,0.8199192033606515
E4:2025-12,P-cs,0.973166745384805,0.8362911839591821
E4:2025-12,P-sim,0.9782999595807749,0.8322816826714354
